{
  "image_auroc": 0.6841814024390245,
  "image_aupr": 0.9054436044367611,
  "num_normal": 640,
  "num_anomaly": 3075,
  "anchor_image_auroc": 0.6841814024390245,
  "anchor_image_aupr": 0.9054436044367611,
  "reconstruction_image_auroc": 0.747528963414634,
  "reconstruction_image_aupr": 0.9239077870692379,
  "divergence_image_auroc": 0.6274247967479675,
  "divergence_image_aupr": 0.8864432770882998,
  "pixel_aggregated_image_auroc": 0.7507408536585367,
  "pixel_aggregated_image_aupr": 0.9342594886055657,
  "patch_divergence_aggregated_image_auroc": 0.6705152439024391,
  "patch_divergence_aggregated_image_aupr": 0.9038952887474534,
  "fused_image_auroc": 0.7682957317073171,
  "fused_image_aupr": 0.9403701791892212,
  "fusion_weights": {
    "anchor": 0.4,
    "divergence": 0.3,
    "pixel": 0.3
  },
  "fusion_normalization": "minmax",
  "pixel_auroc": 0.9226553482471607,
  "pixel_aupr": 0.3581221104580394,
  "reconstruction_pixel_auroc": 0.9226553482471607,
  "reconstruction_pixel_aupr": 0.3581221104580394,
  "operating_points": {
    "fpr_0.01": {
      "threshold": 1.0455639362335205,
      "fpr": 0.009375,
      "tpr": 0.05951219512195122
    },
    "fpr_0.05": {
      "threshold": 0.9696478843688965,
      "fpr": 0.05,
      "tpr": 0.1824390243902439
    },
    "fpr_0.1": {
      "threshold": 0.9249480962753296,
      "fpr": 0.1015625,
      "tpr": 0.2783739837398374
    }
  },
  "confidence_intervals": {
    "auroc_mean": 0.6842958682584419,
    "auroc_std": 0.011362800482682348,
    "auroc_lower": 0.6621969026839021,
    "auroc_upper": 0.70486102915594,
    "confidence_level": 0.95
  }
}