{
  "image_auroc": 0.7841211890243902,
  "image_aupr": 0.935194738739558,
  "num_normal": 640,
  "num_anomaly": 3075,
  "pixel_auroc": 0.8347239612172396,
  "pixel_aupr": 0.09252954702679758,
  "operating_points": {
    "fpr_0.01": {
      "threshold": 0.04666471853852272,
      "fpr": 0.009375,
      "tpr": 0.021463414634146343
    },
    "fpr_0.05": {
      "threshold": 0.03225614130496979,
      "fpr": 0.05,
      "tpr": 0.2627642276422764
    },
    "fpr_0.1": {
      "threshold": 0.029094761237502098,
      "fpr": 0.1,
      "tpr": 0.4292682926829268
    }
  },
  "confidence_intervals": {
    "auroc_mean": 0.7837636903122425,
    "auroc_std": 0.01026285784115046,
    "auroc_lower": 0.763979387311303,
    "auroc_upper": 0.8028271324710077,
    "confidence_level": 0.95
  }
}