{
  "image_auroc": 0.750094512195122,
  "image_aupr": 0.9248024624404143,
  "num_normal": 640,
  "num_anomaly": 3075,
  "anchor_image_auroc": 0.750094512195122,
  "anchor_image_aupr": 0.9248024624404143,
  "operating_points": {
    "fpr_0.01": {
      "threshold": 1.2198543548583984,
      "fpr": 0.009375,
      "tpr": 0.034796747967479676
    },
    "fpr_0.05": {
      "threshold": 1.0098464488983154,
      "fpr": 0.05,
      "tpr": 0.19219512195121952
    },
    "fpr_0.1": {
      "threshold": 0.9093487858772278,
      "fpr": 0.1,
      "tpr": 0.39739837398373984
    }
  },
  "confidence_intervals": {
    "auroc_mean": 0.7499469658461911,
    "auroc_std": 0.010648554044805658,
    "auroc_lower": 0.7286629999252416,
    "auroc_upper": 0.7707021417967517,
    "confidence_level": 0.95
  }
}