{
  "image_auroc": 0.8029672256097561,
  "image_aupr": 0.9409225137042206,
  "num_normal": 640,
  "num_anomaly": 3075,
  "pixel_auroc": 0.7758663392838235,
  "pixel_aupr": 0.07874501896515124,
  "operating_points": {
    "fpr_0.01": {
      "threshold": 0.3744875192642212,
      "fpr": 0.009375,
      "tpr": 0.024715447154471545
    },
    "fpr_0.05": {
      "threshold": 0.3710423409938812,
      "fpr": 0.05,
      "tpr": 0.3050406504065041
    },
    "fpr_0.1": {
      "threshold": 0.37041935324668884,
      "fpr": 0.1,
      "tpr": 0.4689430894308943
    }
  },
  "confidence_intervals": {
    "auroc_mean": 0.8025442622626048,
    "auroc_std": 0.009907301551972537,
    "auroc_lower": 0.7814123520851409,
    "auroc_upper": 0.8213498087134395,
    "confidence_level": 0.95
  }
}