{
  "image_auroc": 0.7141575203252033,
  "image_aupr": 0.9096665553632134,
  "num_normal": 640,
  "num_anomaly": 3075,
  "operating_points": {
    "fpr_0.01": {
      "threshold": 0.48916715383529663,
      "fpr": 0.009375,
      "tpr": 0.01040650406504065
    },
    "fpr_0.05": {
      "threshold": 0.41771212220191956,
      "fpr": 0.05,
      "tpr": 0.18178861788617887
    },
    "fpr_0.1": {
      "threshold": 0.40315625071525574,
      "fpr": 0.1,
      "tpr": 0.28032520325203253
    }
  },
  "confidence_intervals": {
    "auroc_mean": 0.7137679827442137,
    "auroc_std": 0.011634855443022799,
    "auroc_lower": 0.6900436231136213,
    "auroc_upper": 0.7355273465426184,
    "confidence_level": 0.95
  }
}