{
  "image_auroc": 0.7567825203252032,
  "image_aupr": 0.920704277732697,
  "num_normal": 640,
  "num_anomaly": 3075,
  "anchor_image_auroc": 0.7567825203252032,
  "anchor_image_aupr": 0.920704277732697,
  "reconstruction_image_auroc": 0.7136814024390243,
  "reconstruction_image_aupr": 0.9154692501671565,
  "divergence_image_auroc": 0.47314913617886173,
  "divergence_image_aupr": 0.7909396187624277,
  "pixel_aggregated_image_auroc": 0.7170553861788618,
  "pixel_aggregated_image_aupr": 0.9210783201818584,
  "patch_divergence_aggregated_image_auroc": 0.5267682926829269,
  "patch_divergence_aggregated_image_aupr": 0.8498577048541684,
  "fused_image_auroc": 0.7386948678861789,
  "fused_image_aupr": 0.9213893004006906,
  "fusion_weights": {
    "anchor": 0.4,
    "divergence": 0.3,
    "pixel": 0.3
  },
  "fusion_normalization": "minmax",
  "pixel_auroc": 0.9287085118369922,
  "pixel_aupr": 0.3700169047827389,
  "reconstruction_pixel_auroc": 0.9287085118369922,
  "reconstruction_pixel_aupr": 0.3700169047827389,
  "anchor_pixel_auroc": 0.8384232866075075,
  "anchor_pixel_aupr": 0.1206412469968087,
  "pixel_scores_source_counts": {
    "reconstruction_pixel_map": 59
  },
  "pixel_scores_source": "reconstruction_pixel_map",
  "operating_points": {
    "fpr_0.01": {
      "threshold": 0.38210275769233704,
      "fpr": 0.009375,
      "tpr": 0.006829268292682927
    },
    "fpr_0.05": {
      "threshold": 0.29474395513534546,
      "fpr": 0.05,
      "tpr": 0.1567479674796748
    },
    "fpr_0.1": {
      "threshold": 0.26922592520713806,
      "fpr": 0.1,
      "tpr": 0.34536585365853656
    }
  },
  "confidence_intervals": {
    "auroc_mean": 0.7561957486279475,
    "auroc_std": 0.011083398692055673,
    "auroc_lower": 0.7339837598836656,
    "auroc_upper": 0.7774210940441011,
    "confidence_level": 0.95
  }
}