{
  "image_auroc": 0.8161885162601625,
  "image_aupr": 0.9472472672073324,
  "num_normal": 640,
  "num_anomaly": 3075,
  "pixel_auroc": 0.487587101945591,
  "pixel_aupr": 0.028221634061080917,
  "operating_points": {
    "fpr_0.01": {
      "threshold": 1.5363785028457642,
      "fpr": 0.009375,
      "tpr": 0.06276422764227642
    },
    "fpr_0.05": {
      "threshold": 1.5362706184387207,
      "fpr": 0.05,
      "tpr": 0.34276422764227643
    },
    "fpr_0.1": {
      "threshold": 1.5362436771392822,
      "fpr": 0.1,
      "tpr": 0.5092682926829268
    }
  },
  "confidence_intervals": {
    "auroc_mean": 0.8158234543742655,
    "auroc_std": 0.009441819096715867,
    "auroc_lower": 0.7974061118094082,
    "auroc_upper": 0.8340705746906252,
    "confidence_level": 0.95
  }
}