{
  "image_auroc": 0.7922240853658538,
  "image_aupr": 0.9374851789157153,
  "num_normal": 640,
  "num_anomaly": 3075,
  "anchor_image_auroc": 0.7922240853658538,
  "anchor_image_aupr": 0.9374851789157153,
  "operating_points": {
    "fpr_0.01": {
      "threshold": 0.019704433158040047,
      "fpr": 0.009375,
      "tpr": 0.040325203252032524
    },
    "fpr_0.05": {
      "threshold": 0.01446005143225193,
      "fpr": 0.05,
      "tpr": 0.27707317073170734
    },
    "fpr_0.1": {
      "threshold": 0.01291870791465044,
      "fpr": 0.1,
      "tpr": 0.4432520325203252
    }
  },
  "confidence_intervals": {
    "auroc_mean": 0.7916446006970309,
    "auroc_std": 0.009909616735995509,
    "auroc_lower": 0.7722844640798469,
    "auroc_upper": 0.8100666943477056,
    "confidence_level": 0.95
  }
}