{
  "image_auroc": 0.8062418699186992,
  "image_aupr": 0.9430490240233375,
  "num_normal": 640,
  "num_anomaly": 3075,
  "pixel_auroc": 0.8632982814233646,
  "pixel_aupr": 0.15048421046524618,
  "operating_points": {
    "fpr_0.01": {
      "threshold": 0.944669246673584,
      "fpr": 0.009375,
      "tpr": 0.036422764227642276
    },
    "fpr_0.05": {
      "threshold": 0.944108247756958,
      "fpr": 0.05,
      "tpr": 0.2926829268292683
    },
    "fpr_0.1": {
      "threshold": 0.9439800381660461,
      "fpr": 0.1,
      "tpr": 0.487479674796748
    }
  },
  "confidence_intervals": {
    "auroc_mean": 0.8058896673618828,
    "auroc_std": 0.009551442929528328,
    "auroc_lower": 0.7861845814763395,
    "auroc_upper": 0.8244875285884534,
    "confidence_level": 0.95
  }
}