{
  "image_auroc": 0.7306448170731707,
  "image_aupr": 0.9118584433247697,
  "num_normal": 640,
  "num_anomaly": 3075,
  "anchor_image_auroc": 0.7306448170731707,
  "anchor_image_aupr": 0.9118584433247697,
  "reconstruction_image_auroc": 0.745430894308943,
  "reconstruction_image_aupr": 0.9306133702430543,
  "divergence_image_auroc": 0.45583409552845533,
  "divergence_image_aupr": 0.8044914199804154,
  "pixel_aggregated_image_auroc": 0.7451260162601627,
  "pixel_aggregated_image_aupr": 0.931367614227499,
  "patch_divergence_aggregated_image_auroc": 0.38750711382113817,
  "patch_divergence_aggregated_image_aupr": 0.7744924432932909,
  "fused_image_auroc": 0.7822987804878049,
  "fused_image_aupr": 0.9334212738783698,
  "fusion_weights": {
    "anchor": 0.4,
    "divergence": 0.3,
    "pixel": 0.3
  },
  "fusion_normalization": "minmax",
  "pixel_auroc": 0.931312984314729,
  "pixel_aupr": 0.37585344385821345,
  "reconstruction_pixel_auroc": 0.931312984314729,
  "reconstruction_pixel_aupr": 0.37585344385821345,
  "anchor_pixel_auroc": 0.8842704157643666,
  "anchor_pixel_aupr": 0.16096059659856654,
  "pixel_scores_source_counts": {
    "reconstruction_pixel_map": 59
  },
  "pixel_scores_source": "reconstruction_pixel_map",
  "operating_points": {
    "fpr_0.01": {
      "threshold": 0.6846945881843567,
      "fpr": 0.009375,
      "tpr": 0.0045528455284552845
    },
    "fpr_0.05": {
      "threshold": 0.5235066413879395,
      "fpr": 0.05,
      "tpr": 0.1538211382113821
    },
    "fpr_0.1": {
      "threshold": 0.49365144968032837,
      "fpr": 0.1015625,
      "tpr": 0.31902439024390244
    }
  },
  "confidence_intervals": {
    "auroc_mean": 0.7299442255279539,
    "auroc_std": 0.011361898442579841,
    "auroc_lower": 0.7071794060704816,
    "auroc_upper": 0.7515202022036069,
    "confidence_level": 0.95
  }
}