{
  "image_auroc": 0.7922240853658538,
  "image_aupr": 0.9374851789157153,
  "num_normal": 640,
  "num_anomaly": 3075,
  "anchor_image_auroc": 0.7922240853658538,
  "anchor_image_aupr": 0.9374851789157153,
  "reconstruction_image_auroc": 0.7349441056910568,
  "reconstruction_image_aupr": 0.9232064432238362,
  "divergence_image_auroc": 0.4567029979674797,
  "divergence_image_aupr": 0.8116972974402294,
  "pixel_aggregated_image_auroc": 0.7470579268292683,
  "pixel_aggregated_image_aupr": 0.9332519416977891,
  "patch_divergence_aggregated_image_auroc": 0.5763871951219512,
  "patch_divergence_aggregated_image_aupr": 0.8591384137830953,
  "fused_image_auroc": 0.7867123983739837,
  "fused_image_aupr": 0.9397634794750352,
  "fusion_weights": {
    "anchor": 0.4,
    "divergence": 0.3,
    "pixel": 0.3
  },
  "fusion_normalization": "minmax",
  "pixel_auroc": 0.9257611298014751,
  "pixel_aupr": 0.37417430641237204,
  "reconstruction_pixel_auroc": 0.9257611298014751,
  "reconstruction_pixel_aupr": 0.37417430641237204,
  "anchor_pixel_auroc": 0.8034637460582429,
  "anchor_pixel_aupr": 0.07461279810233797,
  "pixel_scores_source_counts": {
    "reconstruction_pixel_map": 59
  },
  "pixel_scores_source": "reconstruction_pixel_map",
  "operating_points": {
    "fpr_0.01": {
      "threshold": 0.019704433158040047,
      "fpr": 0.009375,
      "tpr": 0.040325203252032524
    },
    "fpr_0.05": {
      "threshold": 0.01446005143225193,
      "fpr": 0.05,
      "tpr": 0.27707317073170734
    },
    "fpr_0.1": {
      "threshold": 0.01291870791465044,
      "fpr": 0.1,
      "tpr": 0.4432520325203252
    }
  },
  "confidence_intervals": {
    "auroc_mean": 0.7916446006970309,
    "auroc_std": 0.009909616735995509,
    "auroc_lower": 0.7722844640798469,
    "auroc_upper": 0.8100666943477056,
    "confidence_level": 0.95
  }
}