{
  "image_auroc": 0.7517510162601626,
  "image_aupr": 0.9336066349321627,
  "num_normal": 640,
  "num_anomaly": 3075,
  "anchor_image_auroc": 0.7517510162601626,
  "anchor_image_aupr": 0.9336066349321627,
  "reconstruction_image_auroc": 0.7526976626016261,
  "reconstruction_image_aupr": 0.9304137914675231,
  "divergence_image_auroc": 0.7100830792682926,
  "divergence_image_aupr": 0.9207604914887992,
  "pixel_aggregated_image_auroc": 0.7408643292682926,
  "pixel_aggregated_image_aupr": 0.9308063472946966,
  "patch_divergence_aggregated_image_auroc": 0.7112144308943089,
  "patch_divergence_aggregated_image_aupr": 0.9057938968725058,
  "fused_image_auroc": 0.8187936991869919,
  "fused_image_aupr": 0.9547436295930324,
  "fusion_weights": {
    "anchor": 0.4,
    "divergence": 0.3,
    "pixel": 0.3
  },
  "fusion_normalization": "minmax",
  "pixel_auroc": 0.9223708015898766,
  "pixel_aupr": 0.3334461596137349,
  "reconstruction_pixel_auroc": 0.9223708015898766,
  "reconstruction_pixel_aupr": 0.3334461596137349,
  "anchor_pixel_auroc": 0.361353160572355,
  "anchor_pixel_aupr": 0.022970321544018325,
  "pixel_scores_source_counts": {
    "reconstruction_pixel_map": 59
  },
  "pixel_scores_source": "reconstruction_pixel_map",
  "operating_points": {
    "fpr_0.01": {
      "threshold": 0.537040114402771,
      "fpr": 0.009375,
      "tpr": 0.14634146341463414
    },
    "fpr_0.05": {
      "threshold": 0.45072194933891296,
      "fpr": 0.05,
      "tpr": 0.2988617886178862
    },
    "fpr_0.1": {
      "threshold": 0.41687723994255066,
      "fpr": 0.1,
      "tpr": 0.38634146341463416
    }
  },
  "confidence_intervals": {
    "auroc_mean": 0.7516544228389928,
    "auroc_std": 0.009878022097980554,
    "auroc_lower": 0.7319807508952071,
    "auroc_upper": 0.7705716173755082,
    "confidence_level": 0.95
  }
}