{
  "image_auroc": 0.7574758638211382,
  "image_aupr": 0.9354966383656558,
  "num_normal": 640,
  "num_anomaly": 3075,
  "anchor_image_auroc": 0.7574758638211382,
  "anchor_image_aupr": 0.9354966383656558,
  "operating_points": {
    "fpr_0.01": {
      "threshold": 0.5656927227973938,
      "fpr": 0.009375,
      "tpr": 0.1583739837398374
    },
    "fpr_0.05": {
      "threshold": 0.4908595383167267,
      "fpr": 0.05,
      "tpr": 0.28032520325203253
    },
    "fpr_0.1": {
      "threshold": 0.43641746044158936,
      "fpr": 0.1,
      "tpr": 0.4139837398373984
    }
  },
  "confidence_intervals": {
    "auroc_mean": 0.7572133752037664,
    "auroc_std": 0.009724206914341784,
    "auroc_lower": 0.7372784121487038,
    "auroc_upper": 0.7771044214451069,
    "confidence_level": 0.95
  }
}