{
  "image_auroc": 0.806043445121951,
  "image_aupr": 0.9407223821937143,
  "num_normal": 640,
  "num_anomaly": 3075,
  "pixel_auroc": 0.796802845875117,
  "pixel_aupr": 0.0693451874425952,
  "operating_points": {
    "fpr_0.01": {
      "threshold": 0.030804317444562912,
      "fpr": 0.009375,
      "tpr": 0.016910569105691057
    },
    "fpr_0.05": {
      "threshold": 0.018464522436261177,
      "fpr": 0.0515625,
      "tpr": 0.34146341463414637
    },
    "fpr_0.1": {
      "threshold": 0.01686868630349636,
      "fpr": 0.1,
      "tpr": 0.47447154471544717
    }
  },
  "confidence_intervals": {
    "auroc_mean": 0.8057346235099916,
    "auroc_std": 0.009731227480572799,
    "auroc_lower": 0.7862219302377269,
    "auroc_upper": 0.8236552659776815,
    "confidence_level": 0.95
  }
}