{
  "image_auroc": 0.7974375000000001,
  "image_aupr": 0.9400934424124441,
  "num_normal": 640,
  "num_anomaly": 3075,
  "anchor_image_auroc": 0.7974375000000001,
  "anchor_image_aupr": 0.9400934424124441,
  "operating_points": {
    "fpr_0.01": {
      "threshold": 0.009889955632388592,
      "fpr": 0.009375,
      "tpr": 0.011707317073170732
    },
    "fpr_0.05": {
      "threshold": 0.008755088783800602,
      "fpr": 0.05,
      "tpr": 0.3333333333333333
    },
    "fpr_0.1": {
      "threshold": 0.00864547397941351,
      "fpr": 0.1,
      "tpr": 0.5151219512195122
    }
  },
  "confidence_intervals": {
    "auroc_mean": 0.7975568785383851,
    "auroc_std": 0.009347718855610367,
    "auroc_lower": 0.778942942174239,
    "auroc_upper": 0.8161554263724191,
    "confidence_level": 0.95
  }
}