{
  "image_auroc": 0.7798871951219513,
  "image_aupr": 0.9303722472020164,
  "num_normal": 640,
  "num_anomaly": 3075,
  "pixel_auroc": 0.6874225073000478,
  "pixel_aupr": 0.055597882527991416,
  "operating_points": {
    "fpr_0.01": {
      "threshold": 0.8363361358642578,
      "fpr": 0.009375,
      "tpr": 0.03967479674796748
    },
    "fpr_0.05": {
      "threshold": 0.836047351360321,
      "fpr": 0.05,
      "tpr": 0.19967479674796748
    },
    "fpr_0.1": {
      "threshold": 0.8359564542770386,
      "fpr": 0.1,
      "tpr": 0.35284552845528455
    }
  },
  "confidence_intervals": {
    "auroc_mean": 0.779548130484024,
    "auroc_std": 0.010858369694579446,
    "auroc_lower": 0.7579778937784584,
    "auroc_upper": 0.8005685958555631,
    "confidence_level": 0.95
  }
}