{
  "image_auroc": 0.7979275914634146,
  "image_aupr": 0.94046820328697,
  "num_normal": 640,
  "num_anomaly": 3075,
  "pixel_auroc": 0.8144777057474043,
  "pixel_aupr": 0.1215314427432341,
  "operating_points": {
    "fpr_0.01": {
      "threshold": 1.3848097324371338,
      "fpr": 0.009375,
      "tpr": 0.06048780487804878
    },
    "fpr_0.05": {
      "threshold": 1.3845576047897339,
      "fpr": 0.05,
      "tpr": 0.2682926829268293
    },
    "fpr_0.1": {
      "threshold": 1.3844712972640991,
      "fpr": 0.1,
      "tpr": 0.4396747967479675
    }
  },
  "confidence_intervals": {
    "auroc_mean": 0.7974017775084835,
    "auroc_std": 0.010094249314014184,
    "auroc_lower": 0.7767330742280146,
    "auroc_upper": 0.8163908544965571,
    "confidence_level": 0.95
  }
}