{
  "image_auroc": 0.7843348577235771,
  "image_aupr": 0.9292925671586758,
  "num_normal": 640,
  "num_anomaly": 3075,
  "anchor_image_auroc": 0.7843348577235771,
  "anchor_image_aupr": 0.9292925671586758,
  "reconstruction_image_auroc": 0.7376473577235773,
  "reconstruction_image_aupr": 0.9257092289952781,
  "divergence_image_auroc": 0.3369974593495935,
  "divergence_image_aupr": 0.7533744196055341,
  "pixel_aggregated_image_auroc": 0.7416133130081302,
  "pixel_aggregated_image_aupr": 0.9337449765449434,
  "patch_divergence_aggregated_image_auroc": 0.33680919715447155,
  "patch_divergence_aggregated_image_aupr": 0.7573475209522602,
  "fused_image_auroc": 0.8106869918699187,
  "fused_image_aupr": 0.9420482976594522,
  "fusion_weights": {
    "anchor": 0.4,
    "divergence": 0.3,
    "pixel": 0.3
  },
  "fusion_normalization": "minmax",
  "pixel_auroc": 0.9384729320887978,
  "pixel_aupr": 0.42911230182100024,
  "reconstruction_pixel_auroc": 0.9384729320887978,
  "reconstruction_pixel_aupr": 0.42911230182100024,
  "anchor_pixel_auroc": 0.9144470000224102,
  "anchor_pixel_aupr": 0.2915248826696104,
  "pixel_scores_source_counts": {
    "reconstruction_pixel_map": 59
  },
  "pixel_scores_source": "reconstruction_pixel_map",
  "operating_points": {
    "fpr_0.01": {
      "threshold": 0.8741843700408936,
      "fpr": 0.009375,
      "tpr": 0.006829268292682927
    },
    "fpr_0.05": {
      "threshold": 0.6012766361236572,
      "fpr": 0.05,
      "tpr": 0.22699186991869919
    },
    "fpr_0.1": {
      "threshold": 0.5561019778251648,
      "fpr": 0.1,
      "tpr": 0.4032520325203252
    }
  },
  "confidence_intervals": {
    "auroc_mean": 0.7837719151221126,
    "auroc_std": 0.010955343826513073,
    "auroc_lower": 0.7614880990672445,
    "auroc_upper": 0.8045485673607075,
    "confidence_level": 0.95
  }
}