{
  "image_auroc": 0.7591778455284552,
  "image_aupr": 0.9217396795643547,
  "num_normal": 640,
  "num_anomaly": 3075,
  "pixel_auroc": 0.893205172701574,
  "pixel_aupr": 0.16586725491749343,
  "operating_points": {
    "fpr_0.01": {
      "threshold": 0.07161106914281845,
      "fpr": 0.009375,
      "tpr": 0.008455284552845528
    },
    "fpr_0.05": {
      "threshold": 0.04836080223321915,
      "fpr": 0.05,
      "tpr": 0.1775609756097561
    },
    "fpr_0.1": {
      "threshold": 0.04343370720744133,
      "fpr": 0.1,
      "tpr": 0.3147967479674797
    }
  },
  "confidence_intervals": {
    "auroc_mean": 0.7587555839421123,
    "auroc_std": 0.010879443815337066,
    "auroc_lower": 0.7370697204222317,
    "auroc_upper": 0.7781965033555999,
    "confidence_level": 0.95
  }
}