{
  "image_auroc": 0.6330584349593495,
  "image_aupr": 0.8824065152897294,
  "num_normal": 640,
  "num_anomaly": 3075,
  "operating_points": {
    "fpr_0.01": {
      "threshold": 1.2208242416381836,
      "fpr": 0.009375,
      "tpr": 0.020162601626016262
    },
    "fpr_0.05": {
      "threshold": 1.19553804397583,
      "fpr": 0.05,
      "tpr": 0.11414634146341464
    },
    "fpr_0.1": {
      "threshold": 1.1808744668960571,
      "fpr": 0.1,
      "tpr": 0.20780487804878048
    }
  },
  "confidence_intervals": {
    "auroc_mean": 0.6330894636868819,
    "auroc_std": 0.01199002399760674,
    "auroc_lower": 0.609238295159921,
    "auroc_upper": 0.6559416180462065,
    "confidence_level": 0.95
  }
}