{
  "image_auroc": 0.7967461890243902,
  "image_aupr": 0.9418907051436205,
  "num_normal": 640,
  "num_anomaly": 3075,
  "pixel_auroc": 0.5919690510155278,
  "pixel_aupr": 0.040182289782366105,
  "operating_points": {
    "fpr_0.01": {
      "threshold": 1.2230182886123657,
      "fpr": 0.009375,
      "tpr": 0.04780487804878049
    },
    "fpr_0.05": {
      "threshold": 1.2228208780288696,
      "fpr": 0.05,
      "tpr": 0.30634146341463414
    },
    "fpr_0.1": {
      "threshold": 1.2227839231491089,
      "fpr": 0.1,
      "tpr": 0.4507317073170732
    }
  },
  "confidence_intervals": {
    "auroc_mean": 0.7963351970838357,
    "auroc_std": 0.009664332111948224,
    "auroc_lower": 0.7779102343708377,
    "auroc_upper": 0.8149114014050808,
    "confidence_level": 0.95
  }
}