{
  "image_auroc": 0.6452883638211382,
  "image_aupr": 0.8833088789618545,
  "num_normal": 640,
  "num_anomaly": 3075,
  "anchor_image_auroc": 0.6452883638211382,
  "anchor_image_aupr": 0.8833088789618545,
  "operating_points": {
    "fpr_0.01": {
      "threshold": 1.2758862972259521,
      "fpr": 0.009375,
      "tpr": 0.028943089430894308
    },
    "fpr_0.05": {
      "threshold": 1.2516413927078247,
      "fpr": 0.05,
      "tpr": 0.09268292682926829
    },
    "fpr_0.1": {
      "threshold": 1.2344657182693481,
      "fpr": 0.1015625,
      "tpr": 0.1775609756097561
    }
  },
  "confidence_intervals": {
    "auroc_mean": 0.6452030994904467,
    "auroc_std": 0.012402464936176834,
    "auroc_lower": 0.6212749838793864,
    "auroc_upper": 0.6683052518496413,
    "confidence_level": 0.95
  }
}