{
  "image_auroc": 0.7050416666666667,
  "image_aupr": 0.9098851431920291,
  "num_normal": 640,
  "num_anomaly": 3075,
  "anchor_image_auroc": 0.7050416666666667,
  "anchor_image_aupr": 0.9098851431920291,
  "reconstruction_image_auroc": 0.7141819105691056,
  "reconstruction_image_aupr": 0.9162762289597781,
  "divergence_image_auroc": 0.6775078760162603,
  "divergence_image_aupr": 0.8913286555380511,
  "pixel_aggregated_image_auroc": 0.7211844512195122,
  "pixel_aggregated_image_aupr": 0.9268473139287345,
  "patch_divergence_aggregated_image_auroc": 0.4798130081300813,
  "patch_divergence_aggregated_image_aupr": 0.8121134894513818,
  "fused_image_auroc": 0.738592987804878,
  "fused_image_aupr": 0.9207919220164491,
  "fusion_weights": {
    "anchor": 0.4,
    "divergence": 0.3,
    "pixel": 0.3
  },
  "fusion_normalization": "minmax",
  "pixel_auroc": 0.9226852686804616,
  "pixel_aupr": 0.3800475717975798,
  "reconstruction_pixel_auroc": 0.9226852686804616,
  "reconstruction_pixel_aupr": 0.3800475717975798,
  "operating_points": {
    "fpr_0.01": {
      "threshold": 0.9609168171882629,
      "fpr": 0.009375,
      "tpr": 0.03772357723577236
    },
    "fpr_0.05": {
      "threshold": 0.8198325037956238,
      "fpr": 0.05,
      "tpr": 0.19772357723577236
    },
    "fpr_0.1": {
      "threshold": 0.7586414217948914,
      "fpr": 0.1,
      "tpr": 0.2926829268292683
    }
  },
  "confidence_intervals": {
    "auroc_mean": 0.7045958377311485,
    "auroc_std": 0.011516015858885929,
    "auroc_lower": 0.6823165545879005,
    "auroc_upper": 0.727054974976276,
    "confidence_level": 0.95
  }
}