{
  "image_auroc": 0.7879237804878049,
  "image_aupr": 0.9331537604706401,
  "num_normal": 640,
  "num_anomaly": 3075,
  "anchor_image_auroc": 0.7879237804878049,
  "anchor_image_aupr": 0.9331537604706401,
  "operating_points": {
    "fpr_0.01": {
      "threshold": 0.6093773245811462,
      "fpr": 0.009375,
      "tpr": 0.00878048780487805
    },
    "fpr_0.05": {
      "threshold": 0.48593729734420776,
      "fpr": 0.05,
      "tpr": 0.2760975609756098
    },
    "fpr_0.1": {
      "threshold": 0.45678994059562683,
      "fpr": 0.1,
      "tpr": 0.46308943089430893
    }
  },
  "confidence_intervals": {
    "auroc_mean": 0.7873430426763556,
    "auroc_std": 0.010058513953904103,
    "auroc_lower": 0.7670681026062981,
    "auroc_upper": 0.8061825831621028,
    "confidence_level": 0.95
  }
}