{
  "image_auroc": 0.7517723577235773,
  "image_aupr": 0.9302680998543825,
  "num_normal": 640,
  "num_anomaly": 3075,
  "anchor_image_auroc": 0.7517723577235773,
  "anchor_image_aupr": 0.9302680998543825,
  "reconstruction_image_auroc": 0.7668013211382113,
  "reconstruction_image_aupr": 0.9333933047816829,
  "divergence_image_auroc": 0.5161224593495934,
  "divergence_image_aupr": 0.8304737614199456,
  "pixel_aggregated_image_auroc": 0.7500934959349593,
  "pixel_aggregated_image_aupr": 0.9229132564189481,
  "patch_divergence_aggregated_image_auroc": 0.7404110772357723,
  "patch_divergence_aggregated_image_aupr": 0.9271813086456202,
  "fused_image_auroc": 0.8164989837398374,
  "fused_image_aupr": 0.9453311404250089,
  "fusion_weights": {
    "anchor": 0.4,
    "divergence": 0.3,
    "pixel": 0.3
  },
  "fusion_normalization": "minmax",
  "pixel_auroc": 0.9221581218575465,
  "pixel_aupr": 0.31093280450272814,
  "reconstruction_pixel_auroc": 0.9221581218575465,
  "reconstruction_pixel_aupr": 0.31093280450272814,
  "anchor_pixel_auroc": 0.871444292666011,
  "anchor_pixel_aupr": 0.2361030594479365,
  "pixel_scores_source_counts": {
    "reconstruction_pixel_map": 59
  },
  "pixel_scores_source": "reconstruction_pixel_map",
  "operating_points": {
    "fpr_0.01": {
      "threshold": 0.20298230648040771,
      "fpr": 0.009375,
      "tpr": 0.053983739837398376
    },
    "fpr_0.05": {
      "threshold": 0.12735317647457123,
      "fpr": 0.05,
      "tpr": 0.25951219512195123
    },
    "fpr_0.1": {
      "threshold": 0.10785073786973953,
      "fpr": 0.1,
      "tpr": 0.4159349593495935
    }
  },
  "confidence_intervals": {
    "auroc_mean": 0.7513038212879656,
    "auroc_std": 0.01046687242677056,
    "auroc_lower": 0.7297677239081174,
    "auroc_upper": 0.7716581774382925,
    "confidence_level": 0.95
  }
}