{
  "image_auroc": 0.6946232215447155,
  "image_aupr": 0.900643118965632,
  "num_normal": 640,
  "num_anomaly": 3075,
  "operating_points": {
    "fpr_0.01": {
      "threshold": 0.6327300667762756,
      "fpr": 0.009375,
      "tpr": 0.01788617886178862
    },
    "fpr_0.05": {
      "threshold": 0.2343093752861023,
      "fpr": 0.05,
      "tpr": 0.12292682926829268
    },
    "fpr_0.1": {
      "threshold": 0.10971235483884811,
      "fpr": 0.1,
      "tpr": 0.2256910569105691
    }
  },
  "confidence_intervals": {
    "auroc_mean": 0.6944274781033827,
    "auroc_std": 0.011435583325121474,
    "auroc_lower": 0.6720717193074333,
    "auroc_upper": 0.7158270372799621,
    "confidence_level": 0.95
  }
}