{
  "image_auroc": 0.7769026930894308,
  "image_aupr": 0.9305251132643644,
  "num_normal": 640,
  "num_anomaly": 3075,
  "anchor_image_auroc": 0.7769026930894308,
  "anchor_image_aupr": 0.9305251132643644,
  "operating_points": {
    "fpr_0.01": {
      "threshold": 0.014158051460981369,
      "fpr": 0.009375,
      "tpr": 0.01886178861788618
    },
    "fpr_0.05": {
      "threshold": 0.008707301691174507,
      "fpr": 0.05,
      "tpr": 0.2016260162601626
    },
    "fpr_0.1": {
      "threshold": 0.007152320351451635,
      "fpr": 0.1,
      "tpr": 0.43382113821138213
    }
  },
  "confidence_intervals": {
    "auroc_mean": 0.7768212553577015,
    "auroc_std": 0.01034580100480089,
    "auroc_lower": 0.7564547129682304,
    "auroc_upper": 0.7969420609015395,
    "confidence_level": 0.95
  }
}