{
  "image_auroc": 0.7472817581300812,
  "image_aupr": 0.9188206537009771,
  "num_normal": 640,
  "num_anomaly": 3075,
  "anchor_image_auroc": 0.7472817581300812,
  "anchor_image_aupr": 0.9188206537009771,
  "reconstruction_image_auroc": 0.7521849593495935,
  "reconstruction_image_aupr": 0.9313846327070281,
  "divergence_image_auroc": 0.5139751016260163,
  "divergence_image_aupr": 0.8368285953624923,
  "pixel_aggregated_image_auroc": 0.7500706300813008,
  "pixel_aggregated_image_aupr": 0.9316079332631085,
  "patch_divergence_aggregated_image_auroc": 0.4760401422764228,
  "patch_divergence_aggregated_image_aupr": 0.8106777219528987,
  "fused_image_auroc": 0.7143503556910569,
  "fused_image_aupr": 0.9198066395657368,
  "fusion_weights": {
    "anchor": 0.4,
    "divergence": 0.3,
    "pixel": 0.3
  },
  "fusion_normalization": "minmax",
  "pixel_auroc": 0.9342982349510313,
  "pixel_aupr": 0.39104157498328884,
  "reconstruction_pixel_auroc": 0.9342982349510313,
  "reconstruction_pixel_aupr": 0.39104157498328884,
  "anchor_pixel_auroc": 0.8505372071911717,
  "anchor_pixel_aupr": 0.1350845961764716,
  "pixel_scores_source_counts": {
    "reconstruction_pixel_map": 59
  },
  "pixel_scores_source": "reconstruction_pixel_map",
  "operating_points": {
    "fpr_0.01": {
      "threshold": 0.5171684622764587,
      "fpr": 0.009375,
      "tpr": 0.005853658536585366
    },
    "fpr_0.05": {
      "threshold": 0.400039404630661,
      "fpr": 0.05,
      "tpr": 0.20195121951219513
    },
    "fpr_0.1": {
      "threshold": 0.3727057874202728,
      "fpr": 0.1,
      "tpr": 0.36845528455284554
    }
  },
  "confidence_intervals": {
    "auroc_mean": 0.7468978363264218,
    "auroc_std": 0.011290612116943531,
    "auroc_lower": 0.723654137952504,
    "auroc_upper": 0.7684821003899134,
    "confidence_level": 0.95
  }
}