{
  "image_auroc": 0.6541542174796748,
  "image_aupr": 0.8857218152088009,
  "num_normal": 640,
  "num_anomaly": 3075,
  "anchor_image_auroc": 0.6541542174796748,
  "anchor_image_aupr": 0.8857218152088009,
  "operating_points": {
    "fpr_0.01": {
      "threshold": 1.1332069635391235,
      "fpr": 0.009375,
      "tpr": 0.0045528455284552845
    },
    "fpr_0.05": {
      "threshold": 0.8881522417068481,
      "fpr": 0.05,
      "tpr": 0.111869918699187
    },
    "fpr_0.1": {
      "threshold": 0.8457348346710205,
      "fpr": 0.1,
      "tpr": 0.21495934959349594
    }
  },
  "confidence_intervals": {
    "auroc_mean": 0.6537333256386028,
    "auroc_std": 0.011774938028900622,
    "auroc_lower": 0.6303868767215027,
    "auroc_upper": 0.6768774810534915,
    "confidence_level": 0.95
  }
}