{
  "image_auroc": 0.792129319105691,
  "image_aupr": 0.9365344578899579,
  "num_normal": 640,
  "num_anomaly": 3075,
  "anchor_image_auroc": 0.792129319105691,
  "anchor_image_aupr": 0.9365344578899579,
  "pixel_auroc": 0.9242976600637376,
  "pixel_aupr": 0.32831878149926375,
  "anchor_pixel_auroc": 0.9242976600637376,
  "anchor_pixel_aupr": 0.32831878149926375,
  "pixel_scores_source_counts": {
    "dense_patch_upsampled": 59
  },
  "pixel_scores_source": "dense_patch_upsampled",
  "operating_points": {
    "fpr_0.01": {
      "threshold": 0.6317651867866516,
      "fpr": 0.009375,
      "tpr": 0.033170731707317075
    },
    "fpr_0.05": {
      "threshold": 0.5182653665542603,
      "fpr": 0.05,
      "tpr": 0.29983739837398377
    },
    "fpr_0.1": {
      "threshold": 0.4895690083503723,
      "fpr": 0.1,
      "tpr": 0.4484552845528455
    }
  },
  "confidence_intervals": {
    "auroc_mean": 0.7920116675994846,
    "auroc_std": 0.010197881133289715,
    "auroc_lower": 0.7717581379254445,
    "auroc_upper": 0.8118299549469495,
    "confidence_level": 0.95
  }
}