{
  "image_auroc": 0.8491349085365854,
  "image_aupr": 0.9633218759642584,
  "num_normal": 640,
  "num_anomaly": 3075,
  "anchor_image_auroc": 0.8491349085365854,
  "anchor_image_aupr": 0.9633218759642584,
  "reconstruction_image_auroc": 0.598994918699187,
  "reconstruction_image_aupr": 0.8589463579831704,
  "pixel_aggregated_image_auroc": 0.6353119918699187,
  "pixel_aggregated_image_aupr": 0.8934141239044195,
  "pixel_auroc": 0.9112611315917629,
  "pixel_aupr": 0.33585243494541733,
  "reconstruction_pixel_auroc": 0.9112611315917629,
  "reconstruction_pixel_aupr": 0.33585243494541733,
  "operating_points": {
    "fpr_0.01": {
      "threshold": 0.003981813322752714,
      "fpr": 0.009375,
      "tpr": 0.23577235772357724
    },
    "fpr_0.05": {
      "threshold": 0.002071601804345846,
      "fpr": 0.046875,
      "tpr": 0.5905691056910569
    },
    "fpr_0.1": {
      "threshold": 0.0018911052029579878,
      "fpr": 0.1015625,
      "tpr": 0.6734959349593496
    }
  },
  "confidence_intervals": {
    "auroc_mean": 0.8488659169440437,
    "auroc_std": 0.007208836173316415,
    "auroc_lower": 0.8351211586643384,
    "auroc_upper": 0.8620170871746162,
    "confidence_level": 0.95
  }
}