{
  "image_auroc": 0.835844512195122,
  "image_aupr": 0.9563137563010711,
  "num_normal": 640,
  "num_anomaly": 3075,
  "pixel_auroc": 0.8742320840027256,
  "pixel_aupr": 0.1251437233160235,
  "operating_points": {
    "fpr_0.01": {
      "threshold": 0.11651085317134857,
      "fpr": 0.009375,
      "tpr": 0.16097560975609757
    },
    "fpr_0.05": {
      "threshold": 0.11068163067102432,
      "fpr": 0.05,
      "tpr": 0.37170731707317073
    },
    "fpr_0.1": {
      "threshold": 0.10705921053886414,
      "fpr": 0.1,
      "tpr": 0.5817886178861789
    }
  },
  "confidence_intervals": {
    "auroc_mean": 0.8353639184278551,
    "auroc_std": 0.008557246855363746,
    "auroc_lower": 0.8176106302920633,
    "auroc_upper": 0.8511970959536314,
    "confidence_level": 0.95
  }
}