{
  "image_auroc": 0.7517510162601626,
  "image_aupr": 0.9336066349321627,
  "num_normal": 640,
  "num_anomaly": 3075,
  "anchor_image_auroc": 0.7517510162601626,
  "anchor_image_aupr": 0.9336066349321627,
  "operating_points": {
    "fpr_0.01": {
      "threshold": 0.537040114402771,
      "fpr": 0.009375,
      "tpr": 0.14634146341463414
    },
    "fpr_0.05": {
      "threshold": 0.45072194933891296,
      "fpr": 0.05,
      "tpr": 0.2988617886178862
    },
    "fpr_0.1": {
      "threshold": 0.41687723994255066,
      "fpr": 0.1,
      "tpr": 0.38634146341463416
    }
  },
  "confidence_intervals": {
    "auroc_mean": 0.7516544228389928,
    "auroc_std": 0.009878022097980554,
    "auroc_lower": 0.7319807508952071,
    "auroc_upper": 0.7705716173755082,
    "confidence_level": 0.95
  }
}