{
  "image_auroc": 0.8056371951219512,
  "image_aupr": 0.9383483518774158,
  "num_normal": 640,
  "num_anomaly": 3075,
  "anchor_image_auroc": 0.8056371951219512,
  "anchor_image_aupr": 0.9383483518774158,
  "reconstruction_image_auroc": 0.7173150406504065,
  "reconstruction_image_aupr": 0.9176453905216497,
  "divergence_image_auroc": 0.36012398373983745,
  "divergence_image_aupr": 0.7630825154074383,
  "pixel_aggregated_image_auroc": 0.7201001016260162,
  "pixel_aggregated_image_aupr": 0.9268747334392411,
  "patch_divergence_aggregated_image_auroc": 0.3390978150406504,
  "patch_divergence_aggregated_image_aupr": 0.7535436696671585,
  "fused_image_auroc": 0.8182017276422764,
  "fused_image_aupr": 0.9459530757037014,
  "fusion_weights": {
    "anchor": 0.4,
    "divergence": 0.3,
    "pixel": 0.3
  },
  "fusion_normalization": "minmax",
  "pixel_auroc": 0.9276113545550875,
  "pixel_aupr": 0.41161581541025377,
  "reconstruction_pixel_auroc": 0.9276113545550875,
  "reconstruction_pixel_aupr": 0.41161581541025377,
  "anchor_pixel_auroc": 0.8995184522455328,
  "anchor_pixel_aupr": 0.26073008038550666,
  "pixel_scores_source_counts": {
    "reconstruction_pixel_map": 59
  },
  "pixel_scores_source": "reconstruction_pixel_map",
  "operating_points": {
    "fpr_0.01": {
      "threshold": 0.8196026086807251,
      "fpr": 0.009375,
      "tpr": 0.005853658536585366
    },
    "fpr_0.05": {
      "threshold": 0.5537092089653015,
      "fpr": 0.05,
      "tpr": 0.30308943089430895
    },
    "fpr_0.1": {
      "threshold": 0.513334333896637,
      "fpr": 0.1,
      "tpr": 0.4790243902439024
    }
  },
  "confidence_intervals": {
    "auroc_mean": 0.8051422780535556,
    "auroc_std": 0.010310701123486891,
    "auroc_lower": 0.7848797777989219,
    "auroc_upper": 0.8242608715554398,
    "confidence_level": 0.95
  }
}