{
  "image_auroc": 0.7586481199186992,
  "image_aupr": 0.9248688503804258,
  "num_normal": 640,
  "num_anomaly": 3075,
  "anchor_image_auroc": 0.7586481199186992,
  "anchor_image_aupr": 0.9248688503804258,
  "operating_points": {
    "fpr_0.01": {
      "threshold": 0.03028131276369095,
      "fpr": 0.009375,
      "tpr": 0.018536585365853658
    },
    "fpr_0.05": {
      "threshold": 0.018654005602002144,
      "fpr": 0.05,
      "tpr": 0.2159349593495935
    },
    "fpr_0.1": {
      "threshold": 0.01584658771753311,
      "fpr": 0.1,
      "tpr": 0.4214634146341463
    }
  },
  "confidence_intervals": {
    "auroc_mean": 0.7585453521752266,
    "auroc_std": 0.010317706545670427,
    "auroc_lower": 0.7377462365623735,
    "auroc_upper": 0.7781138706862126,
    "confidence_level": 0.95
  }
}