{
  "image_auroc": 0.6522525406504065,
  "image_aupr": 0.8840865301739336,
  "num_normal": 640,
  "num_anomaly": 3075,
  "anchor_image_auroc": 0.6522525406504065,
  "anchor_image_aupr": 0.8840865301739336,
  "operating_points": {
    "fpr_0.01": {
      "threshold": 1.2684582471847534,
      "fpr": 0.009375,
      "tpr": 0.023089430894308944
    },
    "fpr_0.05": {
      "threshold": 1.2402284145355225,
      "fpr": 0.05,
      "tpr": 0.0943089430894309
    },
    "fpr_0.1": {
      "threshold": 1.2204945087432861,
      "fpr": 0.1,
      "tpr": 0.18471544715447155
    }
  },
  "confidence_intervals": {
    "auroc_mean": 0.6521318769438377,
    "auroc_std": 0.012380651405644177,
    "auroc_lower": 0.6284195449527694,
    "auroc_upper": 0.6752147431284629,
    "confidence_level": 0.95
  }
}