{
  "image_auroc": 0.78445706300813,
  "image_aupr": 0.9376766359396631,
  "num_normal": 640,
  "num_anomaly": 3075,
  "pixel_auroc": 0.8581073195804052,
  "pixel_aupr": 0.2544761439356211,
  "operating_points": {
    "fpr_0.01": {
      "threshold": 0.059775080531835556,
      "fpr": 0.009375,
      "tpr": 0.05040650406504065
    },
    "fpr_0.05": {
      "threshold": 0.0459490567445755,
      "fpr": 0.05,
      "tpr": 0.271869918699187
    },
    "fpr_0.1": {
      "threshold": 0.04063456505537033,
      "fpr": 0.1,
      "tpr": 0.44715447154471544
    }
  },
  "confidence_intervals": {
    "auroc_mean": 0.7839826478035377,
    "auroc_std": 0.009871714304376607,
    "auroc_lower": 0.7650164589795291,
    "auroc_upper": 0.8025655946243376,
    "confidence_level": 0.95
  }
}