{
  "image_auroc": 0.7915840955284553,
  "image_aupr": 0.9369453071781096,
  "num_normal": 640,
  "num_anomaly": 3075,
  "pixel_auroc": 0.8369366359004053,
  "pixel_aupr": 0.10060471932291751,
  "operating_points": {
    "fpr_0.01": {
      "threshold": 1.3579879999160767,
      "fpr": 0.009375,
      "tpr": 0.021463414634146343
    },
    "fpr_0.05": {
      "threshold": 1.3575778007507324,
      "fpr": 0.05,
      "tpr": 0.27447154471544716
    },
    "fpr_0.1": {
      "threshold": 1.3575068712234497,
      "fpr": 0.1,
      "tpr": 0.42829268292682926
    }
  },
  "confidence_intervals": {
    "auroc_mean": 0.7912908849379585,
    "auroc_std": 0.009971847049983027,
    "auroc_lower": 0.7712337835860438,
    "auroc_upper": 0.8096489984094553,
    "confidence_level": 0.95
  }
}