{
  "image_auroc": 0.8214494410569105,
  "image_aupr": 0.9495112217435355,
  "num_normal": 640,
  "num_anomaly": 3075,
  "pixel_auroc": 0.6024515656826898,
  "pixel_aupr": 0.03967608303217862,
  "operating_points": {
    "fpr_0.01": {
      "threshold": 1.7866394519805908,
      "fpr": 0.009375,
      "tpr": 0.04097560975609756
    },
    "fpr_0.05": {
      "threshold": 1.7865318059921265,
      "fpr": 0.05,
      "tpr": 0.3544715447154472
    },
    "fpr_0.1": {
      "threshold": 1.7865140438079834,
      "fpr": 0.1015625,
      "tpr": 0.511869918699187
    }
  },
  "confidence_intervals": {
    "auroc_mean": 0.8211097331445582,
    "auroc_std": 0.009150357933599251,
    "auroc_lower": 0.8033078483134225,
    "auroc_upper": 0.8386544404231339,
    "confidence_level": 0.95
  }
}