{
  "image_auroc": 0.5833734756097562,
  "image_aupr": 0.8427157526279467,
  "num_normal": 640,
  "num_anomaly": 3075,
  "pixel_auroc": 0.8204430791919644,
  "pixel_aupr": 0.11589643707183678,
  "operating_points": {
    "fpr_0.01": {
      "threshold": 0.9925732016563416,
      "fpr": 0.009375,
      "tpr": 0.0026016260162601626
    },
    "fpr_0.05": {
      "threshold": 0.6545141935348511,
      "fpr": 0.0515625,
      "tpr": 0.04130081300813008
    },
    "fpr_0.1": {
      "threshold": 0.6082890033721924,
      "fpr": 0.1015625,
      "tpr": 0.09333333333333334
    }
  },
  "confidence_intervals": {
    "auroc_mean": 0.5828493749064086,
    "auroc_std": 0.014734954410850952,
    "auroc_lower": 0.553370688330794,
    "auroc_upper": 0.6102059988341348,
    "confidence_level": 0.95
  }
}