{
  "image_auroc": 0.7843348577235771,
  "image_aupr": 0.9292925671586758,
  "num_normal": 640,
  "num_anomaly": 3075,
  "anchor_image_auroc": 0.7843348577235771,
  "anchor_image_aupr": 0.9292925671586758,
  "operating_points": {
    "fpr_0.01": {
      "threshold": 0.8741843700408936,
      "fpr": 0.009375,
      "tpr": 0.006829268292682927
    },
    "fpr_0.05": {
      "threshold": 0.6012766361236572,
      "fpr": 0.05,
      "tpr": 0.22699186991869919
    },
    "fpr_0.1": {
      "threshold": 0.5561019778251648,
      "fpr": 0.1,
      "tpr": 0.4032520325203252
    }
  },
  "confidence_intervals": {
    "auroc_mean": 0.7837719151221126,
    "auroc_std": 0.010955343826513073,
    "auroc_lower": 0.7614880990672445,
    "auroc_upper": 0.8045485673607075,
    "confidence_level": 0.95
  }
}