{
  "image_auroc": 0.7396735264227643,
  "image_aupr": 0.9264184051905932,
  "num_normal": 640,
  "num_anomaly": 3075,
  "operating_points": {
    "fpr_0.01": {
      "threshold": 0.8719519376754761,
      "fpr": 0.009375,
      "tpr": 0.05886178861788618
    },
    "fpr_0.05": {
      "threshold": 0.6949228048324585,
      "fpr": 0.0515625,
      "tpr": 0.25691056910569104
    },
    "fpr_0.1": {
      "threshold": 0.6310828924179077,
      "fpr": 0.1,
      "tpr": 0.38991869918699185
    }
  },
  "confidence_intervals": {
    "auroc_mean": 0.7391287147936375,
    "auroc_std": 0.010289459827226153,
    "auroc_lower": 0.7183289461850079,
    "auroc_upper": 0.7584042685215511,
    "confidence_level": 0.95
  }
}