{
  "image_auroc": 0.7534796747967479,
  "image_aupr": 0.9163975068396719,
  "num_normal": 640,
  "num_anomaly": 3075,
  "anchor_image_auroc": 0.7534796747967479,
  "anchor_image_aupr": 0.9163975068396719,
  "operating_points": {
    "fpr_0.01": {
      "threshold": 0.46517279744148254,
      "fpr": 0.009375,
      "tpr": 0.006178861788617886
    },
    "fpr_0.05": {
      "threshold": 0.303754061460495,
      "fpr": 0.05,
      "tpr": 0.16747967479674797
    },
    "fpr_0.1": {
      "threshold": 0.2703552544116974,
      "fpr": 0.1015625,
      "tpr": 0.35577235772357724
    }
  },
  "confidence_intervals": {
    "auroc_mean": 0.7532594554860754,
    "auroc_std": 0.011451571887071474,
    "auroc_lower": 0.7315343025207922,
    "auroc_upper": 0.775967960080042,
    "confidence_level": 0.95
  }
}