{
  "image_auroc": 0.7931895325203253,
  "image_aupr": 0.9370028211050863,
  "num_normal": 640,
  "num_anomaly": 3075,
  "anchor_image_auroc": 0.7931895325203253,
  "anchor_image_aupr": 0.9370028211050863,
  "reconstruction_image_auroc": 0.7141305894308942,
  "reconstruction_image_aupr": 0.9146669411694255,
  "divergence_image_auroc": 0.29695020325203253,
  "divergence_image_aupr": 0.7259802826657564,
  "pixel_aggregated_image_auroc": 0.7173208841463414,
  "pixel_aggregated_image_aupr": 0.920625341016919,
  "patch_divergence_aggregated_image_auroc": 0.2506468495934959,
  "patch_divergence_aggregated_image_aupr": 0.7183950429920667,
  "fused_image_auroc": 0.8173109756097561,
  "fused_image_aupr": 0.9466013933966388,
  "fusion_weights": {
    "anchor": 0.4,
    "divergence": 0.3,
    "pixel": 0.3
  },
  "fusion_normalization": "minmax",
  "pixel_auroc": 0.9304484127397529,
  "pixel_aupr": 0.3774355522605076,
  "reconstruction_pixel_auroc": 0.9304484127397529,
  "reconstruction_pixel_aupr": 0.3774355522605076,
  "anchor_pixel_auroc": 0.9320881939019299,
  "anchor_pixel_aupr": 0.28195533056434074,
  "pixel_scores_source_counts": {
    "reconstruction_pixel_map": 59
  },
  "pixel_scores_source": "reconstruction_pixel_map",
  "operating_points": {
    "fpr_0.01": {
      "threshold": 0.9415944218635559,
      "fpr": 0.009375,
      "tpr": 0.023089430894308944
    },
    "fpr_0.05": {
      "threshold": 0.8068973422050476,
      "fpr": 0.05,
      "tpr": 0.3300813008130081
    },
    "fpr_0.1": {
      "threshold": 0.7728666663169861,
      "fpr": 0.1,
      "tpr": 0.47317073170731705
    }
  },
  "confidence_intervals": {
    "auroc_mean": 0.7929574492067106,
    "auroc_std": 0.009976652542218477,
    "auroc_lower": 0.7725078409225995,
    "auroc_upper": 0.8113622763311206,
    "confidence_level": 0.95
  }
}