{
  "image_auroc": 0.7749951727642277,
  "image_aupr": 0.9320444032409727,
  "num_normal": 640,
  "num_anomaly": 3075,
  "anchor_image_auroc": 0.7749951727642277,
  "anchor_image_aupr": 0.9320444032409727,
  "operating_points": {
    "fpr_0.01": {
      "threshold": 0.012765543535351753,
      "fpr": 0.009375,
      "tpr": 0.03284552845528455
    },
    "fpr_0.05": {
      "threshold": 0.00840780045837164,
      "fpr": 0.05,
      "tpr": 0.23382113821138212
    },
    "fpr_0.1": {
      "threshold": 0.006965499371290207,
      "fpr": 0.1,
      "tpr": 0.4500813008130081
    }
  },
  "confidence_intervals": {
    "auroc_mean": 0.7748408414149883,
    "auroc_std": 0.010098321351397755,
    "auroc_lower": 0.7539119871796036,
    "auroc_upper": 0.7938607974817086,
    "confidence_level": 0.95
  }
}