{
  "image_auroc": 0.7604133638211382,
  "image_aupr": 0.9378972918438049,
  "num_normal": 640,
  "num_anomaly": 3075,
  "operating_points": {
    "fpr_0.01": {
      "threshold": 0.4797280728816986,
      "fpr": 0.009375,
      "tpr": 0.18991869918699186
    },
    "fpr_0.05": {
      "threshold": 0.40509331226348877,
      "fpr": 0.05,
      "tpr": 0.34016260162601625
    },
    "fpr_0.1": {
      "threshold": 0.3763330280780792,
      "fpr": 0.1,
      "tpr": 0.4146341463414634
    }
  },
  "confidence_intervals": {
    "auroc_mean": 0.7607037043488619,
    "auroc_std": 0.00950035868795913,
    "auroc_lower": 0.7417198462032784,
    "auroc_upper": 0.7785356205858132,
    "confidence_level": 0.95
  }
}