{
  "image_auroc": 0.6473371443089431,
  "image_aupr": 0.8829175479329154,
  "num_normal": 640,
  "num_anomaly": 3075,
  "anchor_image_auroc": 0.6473371443089431,
  "anchor_image_aupr": 0.8829175479329154,
  "reconstruction_image_auroc": 0.5573112296747967,
  "reconstruction_image_aupr": 0.8347756880338475,
  "divergence_image_auroc": 0.4106732723577236,
  "divergence_image_aupr": 0.7745497061980497,
  "pixel_aggregated_image_auroc": 0.7652103658536586,
  "pixel_aggregated_image_aupr": 0.9437652283673741,
  "patch_divergence_aggregated_image_auroc": 0.31245172764227647,
  "patch_divergence_aggregated_image_aupr": 0.732766338830602,
  "fused_image_auroc": 0.7426122967479676,
  "fused_image_aupr": 0.9274057185662788,
  "fusion_weights": {
    "anchor": 0.4,
    "divergence": 0.3,
    "pixel": 0.3
  },
  "fusion_normalization": "minmax",
  "pixel_auroc": 0.9733754568079863,
  "pixel_aupr": 0.6999769950792598,
  "reconstruction_pixel_auroc": 0.9733754568079863,
  "reconstruction_pixel_aupr": 0.6999769950792598,
  "operating_points": {
    "fpr_0.01": {
      "threshold": 1.2729661464691162,
      "fpr": 0.009375,
      "tpr": 0.027642276422764227
    },
    "fpr_0.05": {
      "threshold": 1.2483922243118286,
      "fpr": 0.05,
      "tpr": 0.09008130081300814
    },
    "fpr_0.1": {
      "threshold": 1.2305864095687866,
      "fpr": 0.1,
      "tpr": 0.1746341463414634
    }
  },
  "confidence_intervals": {
    "auroc_mean": 0.647219616446852,
    "auroc_std": 0.012449454867741128,
    "auroc_lower": 0.623631969452979,
    "auroc_upper": 0.6703130780587098,
    "confidence_level": 0.95
  }
}