{
  "image_auroc": 0.8330703760162602,
  "image_aupr": 0.9576664033250706,
  "num_normal": 640,
  "num_anomaly": 3075,
  "anchor_image_auroc": 0.8330703760162602,
  "anchor_image_aupr": 0.9576664033250706,
  "operating_points": {
    "fpr_0.01": {
      "threshold": 0.019509876146912575,
      "fpr": 0.009375,
      "tpr": 0.08585365853658537
    },
    "fpr_0.05": {
      "threshold": 0.010847099125385284,
      "fpr": 0.0515625,
      "tpr": 0.5492682926829269
    },
    "fpr_0.1": {
      "threshold": 0.009667475707828999,
      "fpr": 0.1015625,
      "tpr": 0.6500813008130081
    }
  },
  "confidence_intervals": {
    "auroc_mean": 0.8328606003870186,
    "auroc_std": 0.007949126974096799,
    "auroc_lower": 0.8172463739028292,
    "auroc_upper": 0.8487595799736644,
    "confidence_level": 0.95
  }
}