{
  "image_auroc": 0.7790228658536585,
  "image_aupr": 0.9351291725580267,
  "num_normal": 640,
  "num_anomaly": 3075,
  "anchor_image_auroc": 0.7790228658536585,
  "anchor_image_aupr": 0.9351291725580267,
  "reconstruction_image_auroc": 0.7118287601626017,
  "reconstruction_image_aupr": 0.9170369116776507,
  "divergence_image_auroc": 0.5084674796747968,
  "divergence_image_aupr": 0.8395627709970535,
  "pixel_aggregated_image_auroc": 0.7142637195121952,
  "pixel_aggregated_image_aupr": 0.9203076084533335,
  "patch_divergence_aggregated_image_auroc": 0.6162174796747968,
  "patch_divergence_aggregated_image_aupr": 0.8682867890758138,
  "fused_image_auroc": 0.7767703252032521,
  "fused_image_aupr": 0.9300036293577059,
  "fusion_weights": {
    "anchor": 0.4,
    "divergence": 0.3,
    "pixel": 0.3
  },
  "fusion_normalization": "minmax",
  "pixel_auroc": 0.9252487680485574,
  "pixel_aupr": 0.34377123453772757,
  "reconstruction_pixel_auroc": 0.9252487680485574,
  "reconstruction_pixel_aupr": 0.34377123453772757,
  "anchor_pixel_auroc": 0.9298891846039241,
  "anchor_pixel_aupr": 0.3720556468295001,
  "pixel_scores_source_counts": {
    "reconstruction_pixel_map": 59
  },
  "pixel_scores_source": "reconstruction_pixel_map",
  "operating_points": {
    "fpr_0.01": {
      "threshold": 0.1296810805797577,
      "fpr": 0.009375,
      "tpr": 0.061138211382113825
    },
    "fpr_0.05": {
      "threshold": 0.10975606739521027,
      "fpr": 0.05,
      "tpr": 0.2302439024390244
    },
    "fpr_0.1": {
      "threshold": 0.09981106221675873,
      "fpr": 0.1,
      "tpr": 0.408780487804878
    }
  },
  "confidence_intervals": {
    "auroc_mean": 0.7790071553552572,
    "auroc_std": 0.010400683603099415,
    "auroc_lower": 0.7566144996960784,
    "auroc_upper": 0.7978033476930879,
    "confidence_level": 0.95
  }
}