{
  "image_auroc": 0.7657525406504064,
  "image_aupr": 0.9285176191123412,
  "num_normal": 640,
  "num_anomaly": 3075,
  "pixel_auroc": 0.4855128199287877,
  "pixel_aupr": 0.027971873600851183,
  "operating_points": {
    "fpr_0.01": {
      "threshold": 0.019421076402068138,
      "fpr": 0.009375,
      "tpr": 0.030894308943089432
    },
    "fpr_0.05": {
      "threshold": 0.014185389503836632,
      "fpr": 0.05,
      "tpr": 0.2370731707317073
    },
    "fpr_0.1": {
      "threshold": 0.012589231133460999,
      "fpr": 0.1,
      "tpr": 0.3964227642276423
    }
  },
  "confidence_intervals": {
    "auroc_mean": 0.7653576658348279,
    "auroc_std": 0.010456616431638885,
    "auroc_lower": 0.7447634723463842,
    "auroc_upper": 0.7858490105040943,
    "confidence_level": 0.95
  }
}