{
  "image_auroc": 0.847932418699187,
  "image_aupr": 0.9593205713984334,
  "num_normal": 640,
  "num_anomaly": 3075,
  "anchor_image_auroc": 0.847932418699187,
  "anchor_image_aupr": 0.9593205713984334,
  "operating_points": {
    "fpr_0.01": {
      "threshold": 0.29323646426200867,
      "fpr": 0.009375,
      "tpr": 0.08520325203252033
    },
    "fpr_0.05": {
      "threshold": 0.23843048512935638,
      "fpr": 0.05,
      "tpr": 0.44390243902439025
    },
    "fpr_0.1": {
      "threshold": 0.22606413066387177,
      "fpr": 0.1,
      "tpr": 0.5853658536585366
    }
  },
  "confidence_intervals": {
    "auroc_mean": 0.8473424615457701,
    "auroc_std": 0.008573288056931637,
    "auroc_lower": 0.8301249710671337,
    "auroc_upper": 0.8634231680773542,
    "confidence_level": 0.95
  }
}