{
  "image_auroc": 0.5362050304878049,
  "image_aupr": 0.8424694281736487,
  "num_normal": 640,
  "num_anomaly": 3075,
  "anchor_image_auroc": 0.5362050304878049,
  "anchor_image_aupr": 0.8424694281736487,
  "operating_points": {
    "fpr_0.01": {
      "threshold": 1.317836046218872,
      "fpr": 0.009375,
      "tpr": 0.004878048780487805
    },
    "fpr_0.05": {
      "threshold": 1.1852185726165771,
      "fpr": 0.05,
      "tpr": 0.07056910569105691
    },
    "fpr_0.1": {
      "threshold": 1.1562557220458984,
      "fpr": 0.1,
      "tpr": 0.12845528455284552
    }
  },
  "confidence_intervals": {
    "auroc_mean": 0.5357346631769139,
    "auroc_std": 0.012442511471588872,
    "auroc_lower": 0.5084929318057808,
    "auroc_upper": 0.5605005909329871,
    "confidence_level": 0.95
  }
}