{
  "image_auroc": 0.8084202235772358,
  "image_aupr": 0.9435978739042641,
  "num_normal": 640,
  "num_anomaly": 3075,
  "operating_points": {
    "fpr_0.01": {
      "threshold": 0.018644416704773903,
      "fpr": 0.0109375,
      "tpr": 0.05658536585365854
    },
    "fpr_0.05": {
      "threshold": 0.013793405145406723,
      "fpr": 0.05,
      "tpr": 0.3261788617886179
    },
    "fpr_0.1": {
      "threshold": 0.01254892349243164,
      "fpr": 0.1,
      "tpr": 0.47252032520325205
    }
  },
  "confidence_intervals": {
    "auroc_mean": 0.8079134499906416,
    "auroc_std": 0.00985867483083805,
    "auroc_lower": 0.7878469353336696,
    "auroc_upper": 0.826063284765603,
    "confidence_level": 0.95
  }
}