{
  "image_auroc": 0.7958343495934959,
  "image_aupr": 0.9361270565911334,
  "num_normal": 640,
  "num_anomaly": 3075,
  "anchor_image_auroc": 0.7958343495934959,
  "anchor_image_aupr": 0.9361270565911334,
  "reconstruction_image_auroc": 0.7360652947154471,
  "reconstruction_image_aupr": 0.9251865412897328,
  "divergence_image_auroc": 0.3649105691056911,
  "divergence_image_aupr": 0.7524023971134999,
  "pixel_aggregated_image_auroc": 0.7446427845528456,
  "pixel_aggregated_image_aupr": 0.933436525444364,
  "patch_divergence_aggregated_image_auroc": 0.34774441056910566,
  "patch_divergence_aggregated_image_aupr": 0.74269006839122,
  "fused_image_auroc": 0.8295111788617886,
  "fused_image_aupr": 0.9486738040332755,
  "fusion_weights": {
    "anchor": 0.4,
    "divergence": 0.3,
    "pixel": 0.3
  },
  "fusion_normalization": "minmax",
  "pixel_auroc": 0.9350142332536172,
  "pixel_aupr": 0.41454594317500437,
  "reconstruction_pixel_auroc": 0.9350142332536172,
  "reconstruction_pixel_aupr": 0.41454594317500437,
  "anchor_pixel_auroc": 0.750164682044934,
  "anchor_pixel_aupr": 0.11321123341872898,
  "pixel_scores_source_counts": {
    "reconstruction_pixel_map": 59
  },
  "pixel_scores_source": "reconstruction_pixel_map",
  "operating_points": {
    "fpr_0.01": {
      "threshold": 0.37190160155296326,
      "fpr": 0.009375,
      "tpr": 0.0224390243902439
    },
    "fpr_0.05": {
      "threshold": 0.28611910343170166,
      "fpr": 0.05,
      "tpr": 0.288780487804878
    },
    "fpr_0.1": {
      "threshold": 0.2577671408653259,
      "fpr": 0.1015625,
      "tpr": 0.4627642276422764
    }
  },
  "confidence_intervals": {
    "auroc_mean": 0.7957131513035733,
    "auroc_std": 0.00998044042863009,
    "auroc_lower": 0.7757026928313081,
    "auroc_upper": 0.8149513500896156,
    "confidence_level": 0.95
  }
}