{
  "image_auroc": 0.5869702743902439,
  "image_aupr": 0.8670232798964407,
  "num_normal": 640,
  "num_anomaly": 3075,
  "anchor_image_auroc": 0.5869702743902439,
  "anchor_image_aupr": 0.8670232798964407,
  "operating_points": {
    "fpr_0.01": {
      "threshold": 0.13140594959259033,
      "fpr": 0.009375,
      "tpr": 0.006178861788617886
    },
    "fpr_0.05": {
      "threshold": 0.1179361566901207,
      "fpr": 0.05,
      "tpr": 0.10146341463414635
    },
    "fpr_0.1": {
      "threshold": 0.11626521497964859,
      "fpr": 0.1,
      "tpr": 0.2126829268292683
    }
  },
  "confidence_intervals": {
    "auroc_mean": 0.5866162524468369,
    "auroc_std": 0.011742412973274987,
    "auroc_lower": 0.5642199193058663,
    "auroc_upper": 0.6097004839981112,
    "confidence_level": 0.95
  }
}