{
  "image_auroc": 0.7935228658536585,
  "image_aupr": 0.9354088179244406,
  "num_normal": 640,
  "num_anomaly": 3075,
  "pixel_auroc": 0.5630539253959208,
  "pixel_aupr": 0.03279256897865732,
  "operating_points": {
    "fpr_0.01": {
      "threshold": 0.020987575873732567,
      "fpr": 0.009375,
      "tpr": 0.027317073170731707
    },
    "fpr_0.05": {
      "threshold": 0.01597955822944641,
      "fpr": 0.05,
      "tpr": 0.21528455284552844
    },
    "fpr_0.1": {
      "threshold": 0.014265000820159912,
      "fpr": 0.1,
      "tpr": 0.3804878048780488
    }
  },
  "confidence_intervals": {
    "auroc_mean": 0.7930080964923648,
    "auroc_std": 0.010383178701150537,
    "auroc_lower": 0.7712662458380073,
    "auroc_upper": 0.8124696726628211,
    "confidence_level": 0.95
  }
}