{
  "image_auroc": 0.7430188008130082,
  "image_aupr": 0.9269829371878515,
  "num_normal": 640,
  "num_anomaly": 3075,
  "anchor_image_auroc": 0.7430188008130082,
  "anchor_image_aupr": 0.9269829371878515,
  "reconstruction_image_auroc": 0.6841885162601626,
  "reconstruction_image_aupr": 0.904302298121793,
  "divergence_image_auroc": 0.6922533028455284,
  "divergence_image_aupr": 0.9101344776931024,
  "pixel_aggregated_image_auroc": 0.6907769308943089,
  "pixel_aggregated_image_aupr": 0.918247522966239,
  "patch_divergence_aggregated_image_auroc": 0.6997835365853657,
  "patch_divergence_aggregated_image_aupr": 0.9157483254070965,
  "fused_image_auroc": 0.8098480691056911,
  "fused_image_aupr": 0.9515588614268208,
  "fusion_weights": {
    "anchor": 0.4,
    "divergence": 0.3,
    "pixel": 0.3
  },
  "fusion_normalization": "minmax",
  "pixel_auroc": 0.9094332207555996,
  "pixel_aupr": 0.35232184218048374,
  "reconstruction_pixel_auroc": 0.9094332207555996,
  "reconstruction_pixel_aupr": 0.35232184218048374,
  "anchor_pixel_auroc": 0.42859474906348866,
  "anchor_pixel_aupr": 0.025097847199618696,
  "pixel_scores_source_counts": {
    "reconstruction_pixel_map": 59
  },
  "pixel_scores_source": "reconstruction_pixel_map",
  "operating_points": {
    "fpr_0.01": {
      "threshold": 0.8711636066436768,
      "fpr": 0.009375,
      "tpr": 0.0702439024390244
    },
    "fpr_0.05": {
      "threshold": 0.7302383184432983,
      "fpr": 0.05,
      "tpr": 0.24780487804878049
    },
    "fpr_0.1": {
      "threshold": 0.6595162153244019,
      "fpr": 0.1,
      "tpr": 0.3746341463414634
    }
  },
  "confidence_intervals": {
    "auroc_mean": 0.7430133068794652,
    "auroc_std": 0.010491606381794789,
    "auroc_lower": 0.7224531362207359,
    "auroc_upper": 0.7632633948477789,
    "confidence_level": 0.95
  }
}