{
  "image_auroc": 0.7207700711382112,
  "image_aupr": 0.9211140775167688,
  "num_normal": 640,
  "num_anomaly": 3075,
  "operating_points": {
    "fpr_0.01": {
      "threshold": 0.6287938356399536,
      "fpr": 0.009375,
      "tpr": 0.08260162601626016
    },
    "fpr_0.05": {
      "threshold": 0.45553722977638245,
      "fpr": 0.0515625,
      "tpr": 0.22341463414634147
    },
    "fpr_0.1": {
      "threshold": 0.3816232681274414,
      "fpr": 0.1,
      "tpr": 0.33235772357723575
    }
  },
  "confidence_intervals": {
    "auroc_mean": 0.7210016308491666,
    "auroc_std": 0.010497877343617382,
    "auroc_lower": 0.7003114735869076,
    "auroc_upper": 0.7410137893732737,
    "confidence_level": 0.95
  }
}