{
  "image_auroc": 0.7983767784552847,
  "image_aupr": 0.9408439818596586,
  "num_normal": 640,
  "num_anomaly": 3075,
  "pixel_auroc": 0.7915536997961663,
  "pixel_aupr": 0.09454366701197171,
  "operating_points": {
    "fpr_0.01": {
      "threshold": 1.5967353582382202,
      "fpr": 0.009375,
      "tpr": 0.05138211382113821
    },
    "fpr_0.05": {
      "threshold": 1.5965394973754883,
      "fpr": 0.05,
      "tpr": 0.31121951219512195
    },
    "fpr_0.1": {
      "threshold": 1.5964964628219604,
      "fpr": 0.1,
      "tpr": 0.4686178861788618
    }
  },
  "confidence_intervals": {
    "auroc_mean": 0.7980262376681428,
    "auroc_std": 0.009711077642224033,
    "auroc_lower": 0.778343363553926,
    "auroc_upper": 0.815651142986708,
    "confidence_level": 0.95
  }
}