{
  "image_auroc": 0.763422256097561,
  "image_aupr": 0.9270976658208738,
  "num_normal": 640,
  "num_anomaly": 3075,
  "pixel_auroc": 0.688168950799094,
  "pixel_aupr": 0.05139676823360314,
  "operating_points": {
    "fpr_0.01": {
      "threshold": 0.05832662060856819,
      "fpr": 0.009375,
      "tpr": 0.012682926829268294
    },
    "fpr_0.05": {
      "threshold": 0.03941793739795685,
      "fpr": 0.05,
      "tpr": 0.23284552845528456
    },
    "fpr_0.1": {
      "threshold": 0.03601715713739395,
      "fpr": 0.1015625,
      "tpr": 0.36585365853658536
    }
  },
  "confidence_intervals": {
    "auroc_mean": 0.7631395247234041,
    "auroc_std": 0.010571095685043637,
    "auroc_lower": 0.7427709772889269,
    "auroc_upper": 0.783104997997431,
    "confidence_level": 0.95
  }
}