{
  "image_auroc": 0.701895325203252,
  "image_aupr": 0.9093041320600106,
  "num_normal": 640,
  "num_anomaly": 3075,
  "anchor_image_auroc": 0.701895325203252,
  "anchor_image_aupr": 0.9093041320600106,
  "operating_points": {
    "fpr_0.01": {
      "threshold": 0.9709229469299316,
      "fpr": 0.009375,
      "tpr": 0.03186991869918699
    },
    "fpr_0.05": {
      "threshold": 0.8281711935997009,
      "fpr": 0.05,
      "tpr": 0.1886178861788618
    },
    "fpr_0.1": {
      "threshold": 0.7573404908180237,
      "fpr": 0.1,
      "tpr": 0.2995121951219512
    }
  },
  "confidence_intervals": {
    "auroc_mean": 0.7014721654208119,
    "auroc_std": 0.011564960806236663,
    "auroc_lower": 0.6787532911437268,
    "auroc_upper": 0.7236308488369765,
    "confidence_level": 0.95
  }
}