{
  "image_auroc": 0.7671430386178861,
  "image_aupr": 0.9350604990067435,
  "num_normal": 640,
  "num_anomaly": 3075,
  "anchor_image_auroc": 0.7671430386178861,
  "anchor_image_aupr": 0.9350604990067435,
  "operating_points": {
    "fpr_0.01": {
      "threshold": 0.5626339912414551,
      "fpr": 0.009375,
      "tpr": 0.09398373983739837
    },
    "fpr_0.05": {
      "threshold": 0.5140674114227295,
      "fpr": 0.05,
      "tpr": 0.26959349593495935
    },
    "fpr_0.1": {
      "threshold": 0.4935591220855713,
      "fpr": 0.1,
      "tpr": 0.3759349593495935
    }
  },
  "confidence_intervals": {
    "auroc_mean": 0.7667893764553285,
    "auroc_std": 0.010212684506643106,
    "auroc_lower": 0.7454845519088283,
    "auroc_upper": 0.7853977503334831,
    "confidence_level": 0.95
  }
}