{
  "image_auroc": 0.7770035569105692,
  "image_aupr": 0.9387647608873035,
  "num_normal": 640,
  "num_anomaly": 3075,
  "anchor_image_auroc": 0.7770035569105692,
  "anchor_image_aupr": 0.9387647608873035,
  "operating_points": {
    "fpr_0.01": {
      "threshold": 0.8537583351135254,
      "fpr": 0.009375,
      "tpr": 0.09268292682926829
    },
    "fpr_0.05": {
      "threshold": 0.7234574556350708,
      "fpr": 0.05,
      "tpr": 0.29853658536585365
    },
    "fpr_0.1": {
      "threshold": 0.6649394631385803,
      "fpr": 0.1,
      "tpr": 0.416260162601626
    }
  },
  "confidence_intervals": {
    "auroc_mean": 0.776669903827613,
    "auroc_std": 0.009843861079526148,
    "auroc_lower": 0.7572085821745997,
    "auroc_upper": 0.7960672726855336,
    "confidence_level": 0.95
  }
}