{
  "image_auroc": 0.6726547256097561,
  "image_aupr": 0.8964316403683141,
  "num_normal": 640,
  "num_anomaly": 3075,
  "operating_points": {
    "fpr_0.01": {
      "threshold": 0.921055257320404,
      "fpr": 0.009375,
      "tpr": 0.013333333333333334
    },
    "fpr_0.05": {
      "threshold": 0.6988998651504517,
      "fpr": 0.0515625,
      "tpr": 0.12878048780487805
    },
    "fpr_0.1": {
      "threshold": 0.5751726031303406,
      "fpr": 0.1,
      "tpr": 0.23447154471544715
    }
  },
  "confidence_intervals": {
    "auroc_mean": 0.6725352556334874,
    "auroc_std": 0.011670339298113274,
    "auroc_lower": 0.6499064942333689,
    "auroc_upper": 0.6948351959898329,
    "confidence_level": 0.95
  }
}