{
  "image_auroc": 0.8022378048780489,
  "image_aupr": 0.9393126386552161,
  "num_normal": 640,
  "num_anomaly": 3075,
  "pixel_auroc": 0.8252952029894769,
  "pixel_aupr": 0.08707091382482997,
  "operating_points": {
    "fpr_0.01": {
      "threshold": 0.03835883364081383,
      "fpr": 0.009375,
      "tpr": 0.02829268292682927
    },
    "fpr_0.05": {
      "threshold": 0.02663259766995907,
      "fpr": 0.05,
      "tpr": 0.27479674796747966
    },
    "fpr_0.1": {
      "threshold": 0.02383342757821083,
      "fpr": 0.1,
      "tpr": 0.44097560975609756
    }
  },
  "confidence_intervals": {
    "auroc_mean": 0.8018691013447133,
    "auroc_std": 0.009803756756306264,
    "auroc_lower": 0.7819322601773224,
    "auroc_upper": 0.8201782388635872,
    "confidence_level": 0.95
  }
}