{
  "image_auroc": 0.7146920731707317,
  "image_aupr": 0.9088608756317186,
  "num_normal": 640,
  "num_anomaly": 3075,
  "pixel_auroc": 0.5329343428587534,
  "pixel_aupr": 0.03168151566186977,
  "operating_points": {
    "fpr_0.01": {
      "threshold": 0.016524076461791992,
      "fpr": 0.009375,
      "tpr": 0.00975609756097561
    },
    "fpr_0.05": {
      "threshold": 0.009318232536315918,
      "fpr": 0.05,
      "tpr": 0.15186991869918698
    },
    "fpr_0.1": {
      "threshold": 0.007937312126159668,
      "fpr": 0.1,
      "tpr": 0.271869918699187
    }
  },
  "confidence_intervals": {
    "auroc_mean": 0.7145478630901935,
    "auroc_std": 0.011541068075053333,
    "auroc_lower": 0.6912560337570087,
    "auroc_upper": 0.7356354375698427,
    "confidence_level": 0.95
  }
}