{
  "image_auroc": 0.7389639227642276,
  "image_aupr": 0.9155121759011763,
  "num_normal": 640,
  "num_anomaly": 3075,
  "anchor_image_auroc": 0.7389639227642276,
  "anchor_image_aupr": 0.9155121759011763,
  "pixel_auroc": 0.9183875388348031,
  "pixel_aupr": 0.2714790273195899,
  "anchor_pixel_auroc": 0.9183875388348031,
  "anchor_pixel_aupr": 0.2714790273195899,
  "pixel_scores_source_counts": {
    "dense_patch_upsampled": 59
  },
  "pixel_scores_source": "dense_patch_upsampled",
  "operating_points": {
    "fpr_0.01": {
      "threshold": 0.9327645301818848,
      "fpr": 0.009375,
      "tpr": 0.013008130081300813
    },
    "fpr_0.05": {
      "threshold": 0.7536863088607788,
      "fpr": 0.0515625,
      "tpr": 0.20845528455284554
    },
    "fpr_0.1": {
      "threshold": 0.71343994140625,
      "fpr": 0.1,
      "tpr": 0.3538211382113821
    }
  },
  "confidence_intervals": {
    "auroc_mean": 0.7387090598448871,
    "auroc_std": 0.011280535653869864,
    "auroc_lower": 0.716661909588471,
    "auroc_upper": 0.7600292399796478,
    "confidence_level": 0.95
  }
}