{
  "image_auroc": 0.7653043699186992,
  "image_aupr": 0.9341401711278251,
  "num_normal": 640,
  "num_anomaly": 3075,
  "anchor_image_auroc": 0.7653043699186992,
  "anchor_image_aupr": 0.9341401711278251,
  "operating_points": {
    "fpr_0.01": {
      "threshold": 0.6686013340950012,
      "fpr": 0.009375,
      "tpr": 0.11317073170731708
    },
    "fpr_0.05": {
      "threshold": 0.5816224217414856,
      "fpr": 0.05,
      "tpr": 0.2578861788617886
    },
    "fpr_0.1": {
      "threshold": 0.5346482992172241,
      "fpr": 0.1,
      "tpr": 0.37073170731707317
    }
  },
  "confidence_intervals": {
    "auroc_mean": 0.7650259992548399,
    "auroc_std": 0.010189900024897674,
    "auroc_lower": 0.7454658583655631,
    "auroc_upper": 0.7856252662744988,
    "confidence_level": 0.95
  }
}