{
  "image_auroc": 0.7410975609756097,
  "image_aupr": 0.9191956228473518,
  "num_normal": 640,
  "num_anomaly": 3075,
  "anchor_image_auroc": 0.7410975609756097,
  "anchor_image_aupr": 0.9191956228473518,
  "reconstruction_image_auroc": 0.7157977642276423,
  "reconstruction_image_aupr": 0.918345591663698,
  "divergence_image_auroc": 0.5402738821138211,
  "divergence_image_aupr": 0.8502688665840314,
  "pixel_aggregated_image_auroc": 0.7185739329268293,
  "pixel_aggregated_image_aupr": 0.9205902460592356,
  "patch_divergence_aggregated_image_auroc": 0.5463018292682927,
  "patch_divergence_aggregated_image_aupr": 0.8518952343084893,
  "fused_image_auroc": 0.7642662601626016,
  "fused_image_aupr": 0.9262765313088881,
  "fusion_weights": {
    "anchor": 0.4,
    "divergence": 0.3,
    "pixel": 0.3
  },
  "fusion_normalization": "minmax",
  "pixel_auroc": 0.9280532262482458,
  "pixel_aupr": 0.3584869867140947,
  "reconstruction_pixel_auroc": 0.9280532262482458,
  "reconstruction_pixel_aupr": 0.3584869867140947,
  "anchor_pixel_auroc": 0.8605011543557242,
  "anchor_pixel_aupr": 0.19343535031454204,
  "pixel_scores_source_counts": {
    "reconstruction_pixel_map": 59
  },
  "pixel_scores_source": "reconstruction_pixel_map",
  "operating_points": {
    "fpr_0.01": {
      "threshold": 0.17292366921901703,
      "fpr": 0.009375,
      "tpr": 0.016910569105691057
    },
    "fpr_0.05": {
      "threshold": 0.13213080167770386,
      "fpr": 0.05,
      "tpr": 0.19447154471544714
    },
    "fpr_0.1": {
      "threshold": 0.11938073486089706,
      "fpr": 0.1,
      "tpr": 0.36357723577235773
    }
  },
  "confidence_intervals": {
    "auroc_mean": 0.7407558292015193,
    "auroc_std": 0.011103050482271953,
    "auroc_lower": 0.718034404959699,
    "auroc_upper": 0.7605493225302395,
    "confidence_level": 0.95
  }
}