{
  "image_auroc": 0.6452116361788618,
  "image_aupr": 0.890585599087367,
  "num_normal": 640,
  "num_anomaly": 3075,
  "operating_points": {
    "fpr_0.01": {
      "threshold": 1.224143624305725,
      "fpr": 0.009375,
      "tpr": 0.01983739837398374
    },
    "fpr_0.05": {
      "threshold": 1.1902875900268555,
      "fpr": 0.05,
      "tpr": 0.15804878048780488
    },
    "fpr_0.1": {
      "threshold": 1.1804410219192505,
      "fpr": 0.1,
      "tpr": 0.22699186991869919
    }
  },
  "confidence_intervals": {
    "auroc_mean": 0.6450000159426995,
    "auroc_std": 0.012403232944854013,
    "auroc_lower": 0.6189328918249741,
    "auroc_upper": 0.6701170442167506,
    "confidence_level": 0.95
  }
}