{
  "image_auroc": 0.7231963922764229,
  "image_aupr": 0.9106666120490226,
  "num_normal": 640,
  "num_anomaly": 3075,
  "pixel_auroc": 0.8207585650425039,
  "pixel_aupr": 0.12367826632271528,
  "operating_points": {
    "fpr_0.01": {
      "threshold": 0.013800442218780518,
      "fpr": 0.009375,
      "tpr": 0.00975609756097561
    },
    "fpr_0.05": {
      "threshold": 0.007584035396575928,
      "fpr": 0.0515625,
      "tpr": 0.14796747967479676
    },
    "fpr_0.1": {
      "threshold": 0.006525754928588867,
      "fpr": 0.1,
      "tpr": 0.2552845528455285
    }
  },
  "confidence_intervals": {
    "auroc_mean": 0.723004394434171,
    "auroc_std": 0.011398874608053607,
    "auroc_lower": 0.7003647884661746,
    "auroc_upper": 0.7446201395146378,
    "confidence_level": 0.95
  }
}