{
  "image_auroc": 0.747410569105691,
  "image_aupr": 0.9247133291283527,
  "num_normal": 640,
  "num_anomaly": 3075,
  "anchor_image_auroc": 0.747410569105691,
  "anchor_image_aupr": 0.9247133291283527,
  "operating_points": {
    "fpr_0.01": {
      "threshold": 0.8704593777656555,
      "fpr": 0.009375,
      "tpr": 0.05951219512195122
    },
    "fpr_0.05": {
      "threshold": 0.7177459597587585,
      "fpr": 0.05,
      "tpr": 0.22504065040650406
    },
    "fpr_0.1": {
      "threshold": 0.6378390789031982,
      "fpr": 0.1,
      "tpr": 0.3586991869918699
    }
  },
  "confidence_intervals": {
    "auroc_mean": 0.7468549499170253,
    "auroc_std": 0.011013979734547572,
    "auroc_lower": 0.7250111758217572,
    "auroc_upper": 0.7684700523931844,
    "confidence_level": 0.95
  }
}