{
  "image_auroc": 0.7625787601626016,
  "image_aupr": 0.9262585419863462,
  "num_normal": 640,
  "num_anomaly": 3075,
  "anchor_image_auroc": 0.7625787601626016,
  "anchor_image_aupr": 0.9262585419863462,
  "operating_points": {
    "fpr_0.01": {
      "threshold": 1.3111191987991333,
      "fpr": 0.009375,
      "tpr": 0.02048780487804878
    },
    "fpr_0.05": {
      "threshold": 1.1100658178329468,
      "fpr": 0.0515625,
      "tpr": 0.23934959349593496
    },
    "fpr_0.1": {
      "threshold": 1.0673054456710815,
      "fpr": 0.1,
      "tpr": 0.3547967479674797
    }
  },
  "confidence_intervals": {
    "auroc_mean": 0.7621429520839688,
    "auroc_std": 0.010858882863064995,
    "auroc_lower": 0.740450313146947,
    "auroc_upper": 0.7832752714290545,
    "confidence_level": 0.95
  }
}