{
  "image_auroc": 0.7941227134146343,
  "image_aupr": 0.9388454327804058,
  "num_normal": 640,
  "num_anomaly": 3075,
  "pixel_auroc": 0.5819827932252899,
  "pixel_aupr": 0.036329461453224327,
  "operating_points": {
    "fpr_0.01": {
      "threshold": 1.2487032413482666,
      "fpr": 0.009375,
      "tpr": 0.04455284552845529
    },
    "fpr_0.05": {
      "threshold": 1.2484724521636963,
      "fpr": 0.05,
      "tpr": 0.26634146341463416
    },
    "fpr_0.1": {
      "threshold": 1.248411774635315,
      "fpr": 0.1,
      "tpr": 0.4448780487804878
    }
  },
  "confidence_intervals": {
    "auroc_mean": 0.7937444879147397,
    "auroc_std": 0.009861637379175383,
    "auroc_lower": 0.7740142394956933,
    "auroc_upper": 0.8120437650309487,
    "confidence_level": 0.95
  }
}