{
  "image_auroc": 0.6960914634146341,
  "image_aupr": 0.9039128453228198,
  "num_normal": 640,
  "num_anomaly": 3075,
  "anchor_image_auroc": 0.6960914634146341,
  "anchor_image_aupr": 0.9039128453228198,
  "reconstruction_image_auroc": 0.559234756097561,
  "reconstruction_image_aupr": 0.8377298368702031,
  "operating_points": {
    "fpr_0.01": {
      "threshold": 0.43623632192611694,
      "fpr": 0.009375,
      "tpr": 0.007154471544715447
    },
    "fpr_0.05": {
      "threshold": 0.3196679949760437,
      "fpr": 0.05,
      "tpr": 0.18601626016260162
    },
    "fpr_0.1": {
      "threshold": 0.2956402897834778,
      "fpr": 0.1,
      "tpr": 0.3056910569105691
    }
  },
  "confidence_intervals": {
    "auroc_mean": 0.6955324279110544,
    "auroc_std": 0.011378503177711519,
    "auroc_lower": 0.6739236156203917,
    "auroc_upper": 0.7181822909081899,
    "confidence_level": 0.95
  }
}