strategy,n_trials,image_auroc_mean,image_auroc_std,image_auroc_min,image_auroc_max,image_aupr_mean,image_aupr_std,image_aupr_min,image_aupr_max,num_normal_mean,num_normal_std,num_normal_min,num_normal_max,num_anomaly_mean,num_anomaly_std,num_anomaly_min,num_anomaly_max,pixel_auroc_mean,pixel_auroc_std,pixel_auroc_min,pixel_auroc_max,pixel_aupr_mean,pixel_aupr_std,pixel_aupr_min,pixel_aupr_max
eigenface,5,0.7892619918699186,0.019234357959380204,0.7657525406504064,0.8161885162601625,0.936788514693145,0.007344222944979158,0.9285176191123412,0.9472472672073324,640.0,0.0,640,640,3075.0,0.0,3075,3075,0.5091807807351276,0.05007447318417303,0.44981162201984487,0.5630539253959208,0.029612117355490863,0.002688534320053196,0.02687618925353811,0.03279256897865732
kmeans,5,0.8118072662601626,0.011193091770223183,0.7967461890243902,0.8214494410569105,0.9455622303916345,0.0038778069681258535,0.9409225137042206,0.9495112217435355,640.0,0.0,640,640,3075.0,0.0,3075,3075,0.641313766260606,0.07689129206053795,0.5919690510155278,0.7758663392838235,0.05011359376250727,0.016507315204618532,0.03967608303217862,0.07874501896515124
random,5,0.8148690548780488,0.01542892755512631,0.7979275914634146,0.835844512195122,0.9470277538980204,0.006321485883437166,0.94046820328697,0.9563137563010711,640.0,0.0,640,640,3075.0,0.0,3075,3075,0.8065078478197968,0.0696973297524833,0.7029858850244326,0.8742320840027256,0.10765165917362529,0.037789831442318976,0.05285919573991331,0.15048421046524618
