{
  "image_auroc": 0.6841814024390245,
  "image_aupr": 0.9054436044367611,
  "num_normal": 640,
  "num_anomaly": 3075,
  "anchor_image_auroc": 0.6841814024390245,
  "anchor_image_aupr": 0.9054436044367611,
  "operating_points": {
    "fpr_0.01": {
      "threshold": 1.0455639362335205,
      "fpr": 0.009375,
      "tpr": 0.05951219512195122
    },
    "fpr_0.05": {
      "threshold": 0.9696478843688965,
      "fpr": 0.05,
      "tpr": 0.1824390243902439
    },
    "fpr_0.1": {
      "threshold": 0.9249480962753296,
      "fpr": 0.1015625,
      "tpr": 0.2783739837398374
    }
  },
  "confidence_intervals": {
    "auroc_mean": 0.6842958682584419,
    "auroc_std": 0.011362800482682348,
    "auroc_lower": 0.6621969026839021,
    "auroc_upper": 0.70486102915594,
    "confidence_level": 0.95
  }
}