{
  "image_auroc": 0.7088932926829268,
  "image_aupr": 0.9199611253919555,
  "num_normal": 640,
  "num_anomaly": 3075,
  "operating_points": {
    "fpr_0.01": {
      "threshold": 1.182599663734436,
      "fpr": 0.009375,
      "tpr": 0.08520325203252033
    },
    "fpr_0.05": {
      "threshold": 1.1496058702468872,
      "fpr": 0.0515625,
      "tpr": 0.24878048780487805
    },
    "fpr_0.1": {
      "threshold": 1.1290897130966187,
      "fpr": 0.1,
      "tpr": 0.38146341463414635
    }
  },
  "confidence_intervals": {
    "auroc_mean": 0.7088922368869589,
    "auroc_std": 0.010449396927146774,
    "auroc_lower": 0.6877742969242908,
    "auroc_upper": 0.7288470251681047,
    "confidence_level": 0.95
  }
}