{
  "image_auroc": 0.723822662601626,
  "image_aupr": 0.9170886105646366,
  "num_normal": 640,
  "num_anomaly": 3075,
  "anchor_image_auroc": 0.723822662601626,
  "anchor_image_aupr": 0.9170886105646366,
  "operating_points": {
    "fpr_0.01": {
      "threshold": 0.2776784300804138,
      "fpr": 0.009375,
      "tpr": 0.01040650406504065
    },
    "fpr_0.05": {
      "threshold": 0.17127393186092377,
      "fpr": 0.05,
      "tpr": 0.25658536585365854
    },
    "fpr_0.1": {
      "threshold": 0.16018301248550415,
      "fpr": 0.1,
      "tpr": 0.35577235772357724
    }
  },
  "confidence_intervals": {
    "auroc_mean": 0.7233534901038876,
    "auroc_std": 0.01039768913051911,
    "auroc_lower": 0.7026419661816783,
    "auroc_upper": 0.7433720012572052,
    "confidence_level": 0.95
  }
}