{
  "image_auroc": 0.7809888211382113,
  "image_aupr": 0.9333707487425386,
  "num_normal": 640,
  "num_anomaly": 3075,
  "pixel_auroc": 0.5572245941062085,
  "pixel_aupr": 0.03428355249108751,
  "operating_points": {
    "fpr_0.01": {
      "threshold": 1.103326439857483,
      "fpr": 0.009375,
      "tpr": 0.02048780487804878
    },
    "fpr_0.05": {
      "threshold": 1.1027541160583496,
      "fpr": 0.05,
      "tpr": 0.2253658536585366
    },
    "fpr_0.1": {
      "threshold": 1.10263192653656,
      "fpr": 0.1015625,
      "tpr": 0.41235772357723577
    }
  },
  "confidence_intervals": {
    "auroc_mean": 0.7806298335594272,
    "auroc_std": 0.010143638850290874,
    "auroc_lower": 0.760497281895125,
    "auroc_upper": 0.7995478161505241,
    "confidence_level": 0.95
  }
}