{
  "image_auroc": 0.7470088922764228,
  "image_aupr": 0.9118996107711737,
  "num_normal": 640,
  "num_anomaly": 3075,
  "anchor_image_auroc": 0.7470088922764228,
  "anchor_image_aupr": 0.9118996107711737,
  "reconstruction_image_auroc": 0.7284146341463414,
  "reconstruction_image_aupr": 0.9202518451771788,
  "divergence_image_auroc": 0.4587190040650406,
  "divergence_image_aupr": 0.802238698247542,
  "pixel_aggregated_image_auroc": 0.7349984756097561,
  "pixel_aggregated_image_aupr": 0.9297646023075004,
  "patch_divergence_aggregated_image_auroc": 0.44652311991869914,
  "patch_divergence_aggregated_image_aupr": 0.8008550195241038,
  "fused_image_auroc": 0.7892164634146341,
  "fused_image_aupr": 0.9325453918472622,
  "fusion_weights": {
    "anchor": 0.4,
    "divergence": 0.3,
    "pixel": 0.3
  },
  "fusion_normalization": "minmax",
  "pixel_auroc": 0.9397211432124727,
  "pixel_aupr": 0.41851869398757,
  "reconstruction_pixel_auroc": 0.9397211432124727,
  "reconstruction_pixel_aupr": 0.41851869398757,
  "anchor_pixel_auroc": 0.8579196019681731,
  "anchor_pixel_aupr": 0.14274614984895465,
  "pixel_scores_source_counts": {
    "reconstruction_pixel_map": 59
  },
  "pixel_scores_source": "reconstruction_pixel_map",
  "operating_points": {
    "fpr_0.01": {
      "threshold": 0.613548994064331,
      "fpr": 0.009375,
      "tpr": 0.005203252032520325
    },
    "fpr_0.05": {
      "threshold": 0.37168264389038086,
      "fpr": 0.05,
      "tpr": 0.12195121951219512
    },
    "fpr_0.1": {
      "threshold": 0.331701397895813,
      "fpr": 0.1,
      "tpr": 0.2884552845528455
    }
  },
  "confidence_intervals": {
    "auroc_mean": 0.7469863581618135,
    "auroc_std": 0.01182156393333873,
    "auroc_lower": 0.7240241838692367,
    "auroc_upper": 0.7690026709149386,
    "confidence_level": 0.95
  }
}