{
  "image_auroc": 0.7666872459349594,
  "image_aupr": 0.927542019423742,
  "num_normal": 640,
  "num_anomaly": 3075,
  "anchor_image_auroc": 0.7666872459349594,
  "anchor_image_aupr": 0.927542019423742,
  "reconstruction_image_auroc": 0.7229443597560976,
  "reconstruction_image_aupr": 0.9197050439436099,
  "divergence_image_auroc": 0.4586595528455285,
  "divergence_image_aupr": 0.8095088048666664,
  "pixel_aggregated_image_auroc": 0.7246448170731707,
  "pixel_aggregated_image_aupr": 0.9246522379293536,
  "patch_divergence_aggregated_image_auroc": 0.5280503048780488,
  "patch_divergence_aggregated_image_aupr": 0.8371866519119159,
  "fused_image_auroc": 0.7548874491869918,
  "fused_image_aupr": 0.9286272202829029,
  "fusion_weights": {
    "anchor": 0.4,
    "divergence": 0.3,
    "pixel": 0.3
  },
  "fusion_normalization": "minmax",
  "pixel_auroc": 0.9117162418349061,
  "pixel_aupr": 0.3563471579943319,
  "reconstruction_pixel_auroc": 0.9117162418349061,
  "reconstruction_pixel_aupr": 0.3563471579943319,
  "anchor_pixel_auroc": 0.9055375632229113,
  "anchor_pixel_aupr": 0.23074735804744073,
  "pixel_scores_source_counts": {
    "reconstruction_pixel_map": 59
  },
  "pixel_scores_source": "reconstruction_pixel_map",
  "operating_points": {
    "fpr_0.01": {
      "threshold": 1.1038097143173218,
      "fpr": 0.009375,
      "tpr": 0.012357723577235772
    },
    "fpr_0.05": {
      "threshold": 0.7743799090385437,
      "fpr": 0.05,
      "tpr": 0.2396747967479675
    },
    "fpr_0.1": {
      "threshold": 0.7267488837242126,
      "fpr": 0.1,
      "tpr": 0.3879674796747967
    }
  },
  "confidence_intervals": {
    "auroc_mean": 0.7662337550287203,
    "auroc_std": 0.010112449486697582,
    "auroc_lower": 0.7464044279514077,
    "auroc_upper": 0.7855015462695328,
    "confidence_level": 0.95
  }
}