{
  "image_auroc": 0.7955777439024391,
  "image_aupr": 0.9394491665671029,
  "num_normal": 640,
  "num_anomaly": 3075,
  "anchor_image_auroc": 0.7955777439024391,
  "anchor_image_aupr": 0.9394491665671029,
  "operating_points": {
    "fpr_0.01": {
      "threshold": 0.007421232294291258,
      "fpr": 0.009375,
      "tpr": 0.045853658536585365
    },
    "fpr_0.05": {
      "threshold": 0.005545808933675289,
      "fpr": 0.05,
      "tpr": 0.29853658536585365
    },
    "fpr_0.1": {
      "threshold": 0.005155935417860746,
      "fpr": 0.0984375,
      "tpr": 0.41560975609756096
    }
  },
  "confidence_intervals": {
    "auroc_mean": 0.7950276829714784,
    "auroc_std": 0.010086932892085674,
    "auroc_lower": 0.7747607171549493,
    "auroc_upper": 0.8138471908294466,
    "confidence_level": 0.95
  }
}