{
  "image_auroc": 0.5443292682926829,
  "image_aupr": 0.846188933162288,
  "num_normal": 640,
  "num_anomaly": 3075,
  "pixel_auroc": 0.8548701934971662,
  "pixel_aupr": 0.12840131211683026,
  "operating_points": {
    "fpr_0.01": {
      "threshold": 0.4229699373245239,
      "fpr": 0.0109375,
      "tpr": 0.016585365853658537
    },
    "fpr_0.05": {
      "threshold": 0.36433014273643494,
      "fpr": 0.05,
      "tpr": 0.05723577235772358
    },
    "fpr_0.1": {
      "threshold": 0.3288370370864868,
      "fpr": 0.1,
      "tpr": 0.11544715447154472
    }
  },
  "confidence_intervals": {
    "auroc_mean": 0.5440918907568142,
    "auroc_std": 0.012683143356956887,
    "auroc_lower": 0.5202371105705397,
    "auroc_upper": 0.5690387054685603,
    "confidence_level": 0.95
  }
}