{
  "image_auroc": 0.7630312499999999,
  "image_aupr": 0.924283378366402,
  "num_normal": 640,
  "num_anomaly": 3075,
  "anchor_image_auroc": 0.7630312499999999,
  "anchor_image_aupr": 0.924283378366402,
  "reconstruction_image_auroc": 0.702572662601626,
  "reconstruction_image_aupr": 0.9117609938651339,
  "divergence_image_auroc": 0.4545071138211382,
  "divergence_image_aupr": 0.8118935276326062,
  "pixel_aggregated_image_auroc": 0.7186361788617885,
  "pixel_aggregated_image_aupr": 0.9245369868950166,
  "patch_divergence_aggregated_image_auroc": 0.46747332317073176,
  "patch_divergence_aggregated_image_aupr": 0.823475823585281,
  "fused_image_auroc": 0.7899517276422764,
  "fused_image_aupr": 0.9375319611283459,
  "fusion_weights": {
    "anchor": 0.4,
    "divergence": 0.3,
    "pixel": 0.3
  },
  "fusion_normalization": "minmax",
  "pixel_auroc": 0.9343237300374382,
  "pixel_aupr": 0.3969510584049102,
  "reconstruction_pixel_auroc": 0.9343237300374382,
  "reconstruction_pixel_aupr": 0.3969510584049102,
  "anchor_pixel_auroc": 0.8719274604534468,
  "anchor_pixel_aupr": 0.20652534151624516,
  "pixel_scores_source_counts": {
    "reconstruction_pixel_map": 59
  },
  "pixel_scores_source": "reconstruction_pixel_map",
  "operating_points": {
    "fpr_0.01": {
      "threshold": 0.48729023337364197,
      "fpr": 0.009375,
      "tpr": 0.02113821138211382
    },
    "fpr_0.05": {
      "threshold": 0.425350159406662,
      "fpr": 0.05,
      "tpr": 0.168130081300813
    },
    "fpr_0.1": {
      "threshold": 0.39336803555488586,
      "fpr": 0.1,
      "tpr": 0.37691056910569104
    }
  },
  "confidence_intervals": {
    "auroc_mean": 0.7627421719279441,
    "auroc_std": 0.011224594092578722,
    "auroc_lower": 0.740786797037622,
    "auroc_upper": 0.7837065836696891,
    "confidence_level": 0.95
  }
}