{
  "image_auroc": 0.7056956300813008,
  "image_aupr": 0.9157777403244435,
  "num_normal": 640,
  "num_anomaly": 3075,
  "anchor_image_auroc": 0.7056956300813008,
  "anchor_image_aupr": 0.9157777403244435,
  "operating_points": {
    "fpr_0.01": {
      "threshold": 0.4097577929496765,
      "fpr": 0.009375,
      "tpr": 0.10601626016260163
    },
    "fpr_0.05": {
      "threshold": 0.34805017709732056,
      "fpr": 0.05,
      "tpr": 0.21008130081300813
    },
    "fpr_0.1": {
      "threshold": 0.3073072135448456,
      "fpr": 0.1015625,
      "tpr": 0.32390243902439025
    }
  },
  "confidence_intervals": {
    "auroc_mean": 0.7054604113539961,
    "auroc_std": 0.011211492656518223,
    "auroc_lower": 0.6832774181812622,
    "auroc_upper": 0.7278193672405532,
    "confidence_level": 0.95
  }
}