{
  "image_auroc": 0.7938643292682928,
  "image_aupr": 0.9392763025360087,
  "num_normal": 640,
  "num_anomaly": 3075,
  "pixel_auroc": 0.7359816912491197,
  "pixel_aupr": 0.06611921321481126,
  "operating_points": {
    "fpr_0.01": {
      "threshold": 1.5780357122421265,
      "fpr": 0.009375,
      "tpr": 0.023414634146341463
    },
    "fpr_0.05": {
      "threshold": 1.5776985883712769,
      "fpr": 0.05,
      "tpr": 0.3177235772357724
    },
    "fpr_0.1": {
      "threshold": 1.5776543617248535,
      "fpr": 0.1,
      "tpr": 0.45528455284552843
    }
  },
  "confidence_intervals": {
    "auroc_mean": 0.7935197379069668,
    "auroc_std": 0.009736542789347625,
    "auroc_lower": 0.7738035463009078,
    "auroc_upper": 0.8124506085908412,
    "confidence_level": 0.95
  }
}