{
  "image_auroc": 0.7977911585365852,
  "image_aupr": 0.9395828432653146,
  "num_normal": 640,
  "num_anomaly": 3075,
  "anchor_image_auroc": 0.7977911585365852,
  "anchor_image_aupr": 0.9395828432653146,
  "reconstruction_image_auroc": 0.738770325203252,
  "reconstruction_image_aupr": 0.9280444062080532,
  "divergence_image_auroc": 0.5145470020325204,
  "divergence_image_aupr": 0.8342313496857957,
  "pixel_aggregated_image_auroc": 0.7338155487804878,
  "pixel_aggregated_image_aupr": 0.9289969033176901,
  "patch_divergence_aggregated_image_auroc": 0.5632614329268293,
  "patch_divergence_aggregated_image_aupr": 0.8569412741495606,
  "fused_image_auroc": 0.7595960365853659,
  "fused_image_aupr": 0.9306872466376934,
  "fusion_weights": {
    "anchor": 0.4,
    "divergence": 0.3,
    "pixel": 0.3
  },
  "fusion_normalization": "minmax",
  "pixel_auroc": 0.919613543893806,
  "pixel_aupr": 0.33798900180889296,
  "reconstruction_pixel_auroc": 0.919613543893806,
  "reconstruction_pixel_aupr": 0.33798900180889296,
  "anchor_pixel_auroc": 0.7825374591485218,
  "anchor_pixel_aupr": 0.06564104367636704,
  "pixel_scores_source_counts": {
    "reconstruction_pixel_map": 59
  },
  "pixel_scores_source": "reconstruction_pixel_map",
  "operating_points": {
    "fpr_0.01": {
      "threshold": 0.03220250830054283,
      "fpr": 0.009375,
      "tpr": 0.03577235772357724
    },
    "fpr_0.05": {
      "threshold": 0.02347307652235031,
      "fpr": 0.05,
      "tpr": 0.3024390243902439
    },
    "fpr_0.1": {
      "threshold": 0.021803822368383408,
      "fpr": 0.1,
      "tpr": 0.4139837398373984
    }
  },
  "confidence_intervals": {
    "auroc_mean": 0.7973126443232307,
    "auroc_std": 0.010220195029958997,
    "auroc_lower": 0.7773298803012146,
    "auroc_upper": 0.81680581936541,
    "confidence_level": 0.95
  }
}