{
  "image_auroc": 0.7943051321138211,
  "image_aupr": 0.945074360205918,
  "num_normal": 640,
  "num_anomaly": 3075,
  "anchor_image_auroc": 0.7943051321138211,
  "anchor_image_aupr": 0.945074360205918,
  "operating_points": {
    "fpr_0.01": {
      "threshold": 0.013982247561216354,
      "fpr": 0.009375,
      "tpr": 0.02829268292682927
    },
    "fpr_0.05": {
      "threshold": 0.007372885011136532,
      "fpr": 0.05,
      "tpr": 0.5320325203252032
    },
    "fpr_0.1": {
      "threshold": 0.006827212404459715,
      "fpr": 0.1,
      "tpr": 0.6117073170731707
    }
  },
  "confidence_intervals": {
    "auroc_mean": 0.7938212121324973,
    "auroc_std": 0.008384436216198025,
    "auroc_lower": 0.7780139228938578,
    "auroc_upper": 0.8099907217906761,
    "confidence_level": 0.95
  }
}