{
  "image_auroc": 0.7958343495934959,
  "image_aupr": 0.9361270565911334,
  "num_normal": 640,
  "num_anomaly": 3075,
  "anchor_image_auroc": 0.7958343495934959,
  "anchor_image_aupr": 0.9361270565911334,
  "operating_points": {
    "fpr_0.01": {
      "threshold": 0.37190160155296326,
      "fpr": 0.009375,
      "tpr": 0.0224390243902439
    },
    "fpr_0.05": {
      "threshold": 0.28611910343170166,
      "fpr": 0.05,
      "tpr": 0.288780487804878
    },
    "fpr_0.1": {
      "threshold": 0.2577671408653259,
      "fpr": 0.1015625,
      "tpr": 0.4627642276422764
    }
  },
  "confidence_intervals": {
    "auroc_mean": 0.7957131513035733,
    "auroc_std": 0.00998044042863009,
    "auroc_lower": 0.7757026928313081,
    "auroc_upper": 0.8149513500896156,
    "confidence_level": 0.95
  }
}