{
  "image_auroc": 0.7897111280487805,
  "image_aupr": 0.937578120367663,
  "num_normal": 640,
  "num_anomaly": 3075,
  "pixel_auroc": 0.8719069311688638,
  "pixel_aupr": 0.12388400719535078,
  "operating_points": {
    "fpr_0.01": {
      "threshold": 0.04982024431228638,
      "fpr": 0.009375,
      "tpr": 0.016910569105691057
    },
    "fpr_0.05": {
      "threshold": 0.034505974501371384,
      "fpr": 0.05,
      "tpr": 0.3053658536585366
    },
    "fpr_0.1": {
      "threshold": 0.0320243276655674,
      "fpr": 0.1,
      "tpr": 0.43642276422764226
    }
  },
  "confidence_intervals": {
    "auroc_mean": 0.7894084363848565,
    "auroc_std": 0.009878955063656424,
    "auroc_lower": 0.7687951997110196,
    "auroc_upper": 0.8068964667054317,
    "confidence_level": 0.95
  }
}