{
  "image_auroc": 0.8069108231707316,
  "image_aupr": 0.9443570763390441,
  "num_normal": 640,
  "num_anomaly": 3075
}