{
  "image_auroc": 0.7594380081300812,
  "image_aupr": 0.9213722984553263,
  "num_normal": 640,
  "num_anomaly": 3075,
  "operating_points": {
    "fpr_0.01": {
      "threshold": 0.03203921392560005,
      "fpr": 0.009375,
      "tpr": 0.0208130081300813
    },
    "fpr_0.05": {
      "threshold": 0.022758830338716507,
      "fpr": 0.05,
      "tpr": 0.17170731707317075
    },
    "fpr_0.1": {
      "threshold": 0.019610434770584106,
      "fpr": 0.1,
      "tpr": 0.34764227642276424
    }
  },
  "confidence_intervals": {
    "auroc_mean": 0.7590778751774864,
    "auroc_std": 0.01091092581906881,
    "auroc_lower": 0.737396804655594,
    "auroc_upper": 0.7790210619441196,
    "confidence_level": 0.95
  }
}