{
  "image_auroc": 0.7722662601626016,
  "image_aupr": 0.9264078825686948,
  "num_normal": 640,
  "num_anomaly": 3075,
  "pixel_auroc": 0.8339663944678047,
  "pixel_aupr": 0.10015699292253381,
  "operating_points": {
    "fpr_0.01": {
      "threshold": 0.034738387912511826,
      "fpr": 0.009375,
      "tpr": 0.013983739837398375
    },
    "fpr_0.05": {
      "threshold": 0.02384342812001705,
      "fpr": 0.05,
      "tpr": 0.19642276422764227
    },
    "fpr_0.1": {
      "threshold": 0.02140655368566513,
      "fpr": 0.1,
      "tpr": 0.3297560975609756
    }
  },
  "confidence_intervals": {
    "auroc_mean": 0.771703648402065,
    "auroc_std": 0.010744659406052955,
    "auroc_lower": 0.7498583143026948,
    "auroc_upper": 0.7915544364353784,
    "confidence_level": 0.95
  }
}