{
  "image_auroc": 0.7825876524390245,
  "image_aupr": 0.9343765899334198,
  "num_normal": 640,
  "num_anomaly": 3075,
  "pixel_auroc": 0.4594933031550925,
  "pixel_aupr": 0.02697450151179431,
  "operating_points": {
    "fpr_0.01": {
      "threshold": 0.9390074014663696,
      "fpr": 0.009375,
      "tpr": 0.02113821138211382
    },
    "fpr_0.05": {
      "threshold": 0.9381844997406006,
      "fpr": 0.05,
      "tpr": 0.2572357723577236
    },
    "fpr_0.1": {
      "threshold": 0.9380302429199219,
      "fpr": 0.1,
      "tpr": 0.4250406504065041
    }
  },
  "confidence_intervals": {
    "auroc_mean": 0.7821745097678684,
    "auroc_std": 0.010072085393121656,
    "auroc_lower": 0.762234060182521,
    "auroc_upper": 0.8008977493751307,
    "confidence_level": 0.95
  }
}