{
  "image_auroc": 0.6341935975609756,
  "image_aupr": 0.8949202984939715,
  "num_normal": 640,
  "num_anomaly": 3075,
  "operating_points": {
    "fpr_0.01": {
      "threshold": 1.1096773147583008,
      "fpr": 0.009375,
      "tpr": 0.0575609756097561
    },
    "fpr_0.05": {
      "threshold": 1.0512832403182983,
      "fpr": 0.05,
      "tpr": 0.1791869918699187
    },
    "fpr_0.1": {
      "threshold": 1.0217331647872925,
      "fpr": 0.1,
      "tpr": 0.2546341463414634
    }
  },
  "confidence_intervals": {
    "auroc_mean": 0.6346415144178138,
    "auroc_std": 0.011264543131431158,
    "auroc_lower": 0.6118160190651818,
    "auroc_upper": 0.6560077463734364,
    "confidence_level": 0.95
  }
}