{
  "image_auroc": 0.6792911585365853,
  "image_aupr": 0.9080342395867556,
  "num_normal": 640,
  "num_anomaly": 3075,
  "operating_points": {
    "fpr_0.01": {
      "threshold": 1.1178618669509888,
      "fpr": 0.009375,
      "tpr": 0.04617886178861789
    },
    "fpr_0.05": {
      "threshold": 1.0396981239318848,
      "fpr": 0.05,
      "tpr": 0.1889430894308943
    },
    "fpr_0.1": {
      "threshold": 0.9943798780441284,
      "fpr": 0.1,
      "tpr": 0.30861788617886177
    }
  },
  "confidence_intervals": {
    "auroc_mean": 0.6793350606700118,
    "auroc_std": 0.010972113371000595,
    "auroc_lower": 0.6586287376901064,
    "auroc_upper": 0.7014216795816115,
    "confidence_level": 0.95
  }
}