{
  "image_auroc": 0.8346229674796748,
  "image_aupr": 0.9574483116599407,
  "num_normal": 640,
  "num_anomaly": 3075,
  "operating_points": {
    "fpr_0.01": {
      "threshold": 0.01898026466369629,
      "fpr": 0.009375,
      "tpr": 0.08520325203252033
    },
    "fpr_0.05": {
      "threshold": 0.010463925078511238,
      "fpr": 0.05,
      "tpr": 0.5606504065040651
    },
    "fpr_0.1": {
      "threshold": 0.009446065872907639,
      "fpr": 0.1,
      "tpr": 0.6572357723577236
    }
  },
  "confidence_intervals": {
    "auroc_mean": 0.8341971922373159,
    "auroc_std": 0.00772762590834283,
    "auroc_lower": 0.8182872602448872,
    "auroc_upper": 0.8487899465041083,
    "confidence_level": 0.95
  }
}