{
  "image_auroc": 0.7474118394308943,
  "image_aupr": 0.9247136649547137,
  "num_normal": 640,
  "num_anomaly": 3075,
  "anchor_image_auroc": 0.7474118394308943,
  "anchor_image_aupr": 0.9247136649547137,
  "operating_points": {
    "fpr_0.01": {
      "threshold": 0.8704484701156616,
      "fpr": 0.009375,
      "tpr": 0.05951219512195122
    },
    "fpr_0.05": {
      "threshold": 0.7177361249923706,
      "fpr": 0.05,
      "tpr": 0.22504065040650406
    },
    "fpr_0.1": {
      "threshold": 0.6378450989723206,
      "fpr": 0.1,
      "tpr": 0.3586991869918699
    }
  },
  "confidence_intervals": {
    "auroc_mean": 0.7468562174946318,
    "auroc_std": 0.011014016900163412,
    "auroc_lower": 0.7250108427260351,
    "auroc_upper": 0.7684745792136398,
    "confidence_level": 0.95
  }
}