{
  "image_auroc": 0.8024618902439025,
  "image_aupr": 0.9493506380917156,
  "num_normal": 640,
  "num_anomaly": 3075,
  "anchor_image_auroc": 0.8024618902439025,
  "anchor_image_aupr": 0.9493506380917156,
  "reconstruction_image_auroc": 0.5739613821138211,
  "reconstruction_image_aupr": 0.8493140301619131,
  "pixel_aggregated_image_auroc": 0.6199568089430895,
  "pixel_aggregated_image_aupr": 0.8888807139702073,
  "pixel_auroc": 0.8923362717053211,
  "pixel_aupr": 0.30676900049620737,
  "reconstruction_pixel_auroc": 0.8923362717053211,
  "reconstruction_pixel_aupr": 0.30676900049620737,
  "operating_points": {
    "fpr_0.01": {
      "threshold": 0.0029296875,
      "fpr": 0.009375,
      "tpr": 0.18048780487804877
    },
    "fpr_0.05": {
      "threshold": 0.0017940598772838712,
      "fpr": 0.046875,
      "tpr": 0.5141463414634146
    },
    "fpr_0.1": {
      "threshold": 0.001655842293985188,
      "fpr": 0.096875,
      "tpr": 0.5892682926829268
    }
  },
  "confidence_intervals": {
    "auroc_mean": 0.8019728334429973,
    "auroc_std": 0.008263103440293018,
    "auroc_lower": 0.7850108988632555,
    "auroc_upper": 0.8178935452236391,
    "confidence_level": 0.95
  }
}