{
  "image_auroc": 0.3739217479674797,
  "image_aupr": 0.7717879334164693,
  "num_normal": 640,
  "num_anomaly": 3075,
  "pixel_auroc": 0.8586206130419103,
  "pixel_aupr": 0.11363121583945852,
  "operating_points": {
    "fpr_0.01": {
      "threshold": 0.4197520613670349,
      "fpr": 0.0125,
      "tpr": 0.0035772357723577236
    },
    "fpr_0.05": {
      "threshold": 0.4001622200012207,
      "fpr": 0.05,
      "tpr": 0.01983739837398374
    },
    "fpr_0.1": {
      "threshold": 0.38936710357666016,
      "fpr": 0.1,
      "tpr": 0.044227642276422764
    }
  },
  "confidence_intervals": {
    "auroc_mean": 0.373439222359778,
    "auroc_std": 0.01201194352530467,
    "auroc_lower": 0.35077194714415055,
    "auroc_upper": 0.397065665726854,
    "confidence_level": 0.95
  }
}