{
  "image_auroc": 0.7876519308943088,
  "image_aupr": 0.9377288290460172,
  "num_normal": 640,
  "num_anomaly": 3075,
  "anchor_image_auroc": 0.7876519308943088,
  "anchor_image_aupr": 0.9377288290460172,
  "operating_points": {
    "fpr_0.01": {
      "threshold": 0.1632201224565506,
      "fpr": 0.009375,
      "tpr": 0.038699186991869916
    },
    "fpr_0.05": {
      "threshold": 0.08604350686073303,
      "fpr": 0.05,
      "tpr": 0.2975609756097561
    },
    "fpr_0.1": {
      "threshold": 0.07314776629209518,
      "fpr": 0.1,
      "tpr": 0.4478048780487805
    }
  },
  "confidence_intervals": {
    "auroc_mean": 0.7874751449680756,
    "auroc_std": 0.009638796979255852,
    "auroc_lower": 0.7678393141766483,
    "auroc_upper": 0.8061441377156545,
    "confidence_level": 0.95
  }
}