{
  "image_auroc": 0.7807108739837398,
  "image_aupr": 0.9415113707154708,
  "num_normal": 640,
  "num_anomaly": 3075,
  "anchor_image_auroc": 0.7807108739837398,
  "anchor_image_aupr": 0.9415113707154708,
  "reconstruction_image_auroc": 0.7366930894308944,
  "reconstruction_image_aupr": 0.9239257439733319,
  "pixel_auroc": 0.9123478499111598,
  "pixel_aupr": 0.3371405584829413,
  "reconstruction_pixel_auroc": 0.9123478499111598,
  "reconstruction_pixel_aupr": 0.3371405584829413,
  "operating_points": {
    "fpr_0.01": {
      "threshold": 0.7253096699714661,
      "fpr": 0.009375,
      "tpr": 0.14504065040650407
    },
    "fpr_0.05": {
      "threshold": 0.6146920919418335,
      "fpr": 0.05,
      "tpr": 0.32130081300813007
    },
    "fpr_0.1": {
      "threshold": 0.5719282031059265,
      "fpr": 0.1,
      "tpr": 0.4146341463414634
    }
  },
  "confidence_intervals": {
    "auroc_mean": 0.7804833270217121,
    "auroc_std": 0.009818904210553384,
    "auroc_lower": 0.7616338136853533,
    "auroc_upper": 0.7995451734797985,
    "confidence_level": 0.95
  }
}