{
  "image_auroc": 0.8255396341463416,
  "image_aupr": 0.9502970727133941,
  "num_normal": 640,
  "num_anomaly": 3075,
  "pixel_auroc": 0.7029858850244326,
  "pixel_aupr": 0.05285919573991331,
  "operating_points": {
    "fpr_0.01": {
      "threshold": 1.8601303100585938,
      "fpr": 0.009375,
      "tpr": 0.09170731707317073
    },
    "fpr_0.05": {
      "threshold": 1.8600506782531738,
      "fpr": 0.05,
      "tpr": 0.33723577235772356
    },
    "fpr_0.1": {
      "threshold": 1.8600260019302368,
      "fpr": 0.1,
      "tpr": 0.510569105691057
    }
  },
  "confidence_intervals": {
    "auroc_mean": 0.825191397159634,
    "auroc_std": 0.009194149281951306,
    "auroc_lower": 0.8066198439084861,
    "auroc_upper": 0.8419571611516797,
    "confidence_level": 0.95
  }
}