{
  "image_auroc": 0.8003325711382113,
  "image_aupr": 0.9401501143310913,
  "num_normal": 640,
  "num_anomaly": 3075,
  "pixel_auroc": 0.7038789981902286,
  "pixel_aupr": 0.06616929399367684,
  "operating_points": {
    "fpr_0.01": {
      "threshold": 0.009160968475043774,
      "fpr": 0.009375,
      "tpr": 0.03349593495934959
    },
    "fpr_0.05": {
      "threshold": 0.006982592400163412,
      "fpr": 0.05,
      "tpr": 0.288780487804878
    },
    "fpr_0.1": {
      "threshold": 0.006431611254811287,
      "fpr": 0.1015625,
      "tpr": 0.4484552845528455
    }
  },
  "confidence_intervals": {
    "auroc_mean": 0.7997487095314227,
    "auroc_std": 0.00987400133322966,
    "auroc_lower": 0.7789939208076772,
    "auroc_upper": 0.817700988656304,
    "confidence_level": 0.95
  }
}