{
  "image_auroc": 0.5684819613821138,
  "image_aupr": 0.8486778901905642,
  "num_normal": 640,
  "num_anomaly": 3075,
  "pixel_auroc": 0.8834925548844561,
  "pixel_aupr": 0.14434730604973575,
  "operating_points": {
    "fpr_0.01": {
      "threshold": 0.581180214881897,
      "fpr": 0.009375,
      "tpr": 0.0026016260162601626
    },
    "fpr_0.05": {
      "threshold": 0.4329829812049866,
      "fpr": 0.0515625,
      "tpr": 0.06048780487804878
    },
    "fpr_0.1": {
      "threshold": 0.4101463556289673,
      "fpr": 0.1,
      "tpr": 0.12943089430894308
    }
  },
  "confidence_intervals": {
    "auroc_mean": 0.5679051442248323,
    "auroc_std": 0.012943165721253562,
    "auroc_lower": 0.5430493110392471,
    "auroc_upper": 0.5948679694866909,
    "confidence_level": 0.95
  }
}