{
  "image_auroc": 0.7443282520325203,
  "image_aupr": 0.9280430385345932,
  "num_normal": 640,
  "num_anomaly": 3075,
  "operating_points": {
    "fpr_0.01": {
      "threshold": 0.8055989742279053,
      "fpr": 0.009375,
      "tpr": 0.049105691056910566
    },
    "fpr_0.05": {
      "threshold": 0.6019752621650696,
      "fpr": 0.05,
      "tpr": 0.2465040650406504
    },
    "fpr_0.1": {
      "threshold": 0.5319699048995972,
      "fpr": 0.1,
      "tpr": 0.40227642276422765
    }
  },
  "confidence_intervals": {
    "auroc_mean": 0.7438337905116605,
    "auroc_std": 0.010333638739089858,
    "auroc_lower": 0.7239013451852581,
    "auroc_upper": 0.7639789637073019,
    "confidence_level": 0.95
  }
}