{
  "image_auroc": 0.7172393292682926,
  "image_aupr": 0.9093171431087219,
  "num_normal": 640,
  "num_anomaly": 3075,
  "pixel_auroc": 0.6769914017895954,
  "pixel_aupr": 0.05678926702473646,
  "operating_points": {
    "fpr_0.01": {
      "threshold": 0.017190873622894287,
      "fpr": 0.009375,
      "tpr": 0.013008130081300813
    },
    "fpr_0.05": {
      "threshold": 0.010316193103790283,
      "fpr": 0.05,
      "tpr": 0.144390243902439
    },
    "fpr_0.1": {
      "threshold": 0.008764863014221191,
      "fpr": 0.1,
      "tpr": 0.25626016260162604
    }
  },
  "confidence_intervals": {
    "auroc_mean": 0.7171126478585939,
    "auroc_std": 0.011558000945515064,
    "auroc_lower": 0.6935497200829174,
    "auroc_upper": 0.7378544267793455,
    "confidence_level": 0.95
  }
}