{
  "image_auroc": 0.6933282520325204,
  "image_aupr": 0.9099825865009263,
  "num_normal": 640,
  "num_anomaly": 3075,
  "operating_points": {
    "fpr_0.01": {
      "threshold": 0.8516329526901245,
      "fpr": 0.0109375,
      "tpr": 0.0991869918699187
    },
    "fpr_0.05": {
      "threshold": 0.7920457720756531,
      "fpr": 0.0515625,
      "tpr": 0.18601626016260162
    },
    "fpr_0.1": {
      "threshold": 0.7297242879867554,
      "fpr": 0.1,
      "tpr": 0.27772357723577235
    }
  },
  "confidence_intervals": {
    "auroc_mean": 0.6932890880996899,
    "auroc_std": 0.01150695651517581,
    "auroc_lower": 0.6713043518005123,
    "auroc_upper": 0.7152863694225816,
    "confidence_level": 0.95
  }
}