{
  "image_auroc": 0.7535744410569105,
  "image_aupr": 0.9308169158934142,
  "num_normal": 640,
  "num_anomaly": 3075,
  "operating_points": {
    "fpr_0.01": {
      "threshold": 0.8529927134513855,
      "fpr": 0.009375,
      "tpr": 0.10569105691056911
    },
    "fpr_0.05": {
      "threshold": 0.7265022993087769,
      "fpr": 0.0515625,
      "tpr": 0.2767479674796748
    },
    "fpr_0.1": {
      "threshold": 0.6789476871490479,
      "fpr": 0.1,
      "tpr": 0.3723577235772358
    }
  },
  "confidence_intervals": {
    "auroc_mean": 0.7531862589456854,
    "auroc_std": 0.010671450923682496,
    "auroc_lower": 0.7329460896887264,
    "auroc_upper": 0.7742575835049905,
    "confidence_level": 0.95
  }
}