{
  "image_auroc": 0.7131824186991871,
  "image_aupr": 0.911594883946863,
  "num_normal": 640,
  "num_anomaly": 3075,
  "anchor_image_auroc": 0.7131824186991871,
  "anchor_image_aupr": 0.911594883946863,
  "reconstruction_image_auroc": 0.7589192073170732,
  "reconstruction_image_aupr": 0.9370246624317853,
  "divergence_image_auroc": 0.5755,
  "divergence_image_aupr": 0.8568646873374378,
  "pixel_aggregated_image_auroc": 0.7481961382113822,
  "pixel_aggregated_image_aupr": 0.9329422626183812,
  "patch_divergence_aggregated_image_auroc": 0.6515538617886178,
  "patch_divergence_aggregated_image_aupr": 0.8934375834064694,
  "fused_image_auroc": 0.780915650406504,
  "fused_image_aupr": 0.9329765108285432,
  "fusion_weights": {
    "anchor": 0.4,
    "divergence": 0.3,
    "pixel": 0.3
  },
  "fusion_normalization": "minmax",
  "pixel_auroc": 0.9243299976461674,
  "pixel_aupr": 0.33781630593448103,
  "reconstruction_pixel_auroc": 0.9243299976461674,
  "reconstruction_pixel_aupr": 0.33781630593448103,
  "anchor_pixel_auroc": 0.8991555064808722,
  "anchor_pixel_aupr": 0.25432232792605464,
  "pixel_scores_source_counts": {
    "reconstruction_pixel_map": 59
  },
  "pixel_scores_source": "reconstruction_pixel_map",
  "operating_points": {
    "fpr_0.01": {
      "threshold": 0.5962676405906677,
      "fpr": 0.009375,
      "tpr": 0.014959349593495935
    },
    "fpr_0.05": {
      "threshold": 0.33321595191955566,
      "fpr": 0.05,
      "tpr": 0.18048780487804877
    },
    "fpr_0.1": {
      "threshold": 0.2877868413925171,
      "fpr": 0.1,
      "tpr": 0.33040650406504063
    }
  },
  "confidence_intervals": {
    "auroc_mean": 0.7132951089954485,
    "auroc_std": 0.011171829324898453,
    "auroc_lower": 0.6911677918597399,
    "auroc_upper": 0.734912256063908,
    "confidence_level": 0.95
  }
}