{
  "image_auroc": 0.6710508130081301,
  "image_aupr": 0.8780866465782415,
  "num_normal": 640,
  "num_anomaly": 3075,
  "operating_points": {
    "fpr_0.01": {
      "threshold": 0.45677998661994934,
      "fpr": 0.0109375,
      "tpr": 0.0003252032520325203
    },
    "fpr_0.05": {
      "threshold": 0.31975945830345154,
      "fpr": 0.05,
      "tpr": 0.05008130081300813
    },
    "fpr_0.1": {
      "threshold": 0.28886881470680237,
      "fpr": 0.1,
      "tpr": 0.1954471544715447
    }
  },
  "confidence_intervals": {
    "auroc_mean": 0.6706800767372981,
    "auroc_std": 0.012376930666359242,
    "auroc_lower": 0.6469660897636792,
    "auroc_upper": 0.6940459798418714,
    "confidence_level": 0.95
  }
}