{
  "image_auroc": 0.7879237804878049,
  "image_aupr": 0.9331537604706401,
  "num_normal": 640,
  "num_anomaly": 3075,
  "anchor_image_auroc": 0.7879237804878049,
  "anchor_image_aupr": 0.9331537604706401,
  "reconstruction_image_auroc": 0.7669481707317073,
  "reconstruction_image_aupr": 0.934970932269731,
  "divergence_image_auroc": 0.3114786585365854,
  "divergence_image_aupr": 0.7533709766981272,
  "pixel_aggregated_image_auroc": 0.7609344512195122,
  "pixel_aggregated_image_aupr": 0.9300349669077214,
  "patch_divergence_aggregated_image_auroc": 0.2871692073170732,
  "patch_divergence_aggregated_image_aupr": 0.7419751571919867,
  "fused_image_auroc": 0.8130823170731708,
  "fused_image_aupr": 0.9422613644497079,
  "fusion_weights": {
    "anchor": 0.4,
    "divergence": 0.3,
    "pixel": 0.3
  },
  "fusion_normalization": "minmax",
  "pixel_auroc": 0.9282872774616068,
  "pixel_aupr": 0.3521795089474652,
  "reconstruction_pixel_auroc": 0.9282872774616068,
  "reconstruction_pixel_aupr": 0.3521795089474652,
  "anchor_pixel_auroc": 0.8717315600685109,
  "anchor_pixel_aupr": 0.15016632764084809,
  "pixel_scores_source_counts": {
    "reconstruction_pixel_map": 59
  },
  "pixel_scores_source": "reconstruction_pixel_map",
  "operating_points": {
    "fpr_0.01": {
      "threshold": 0.6093773245811462,
      "fpr": 0.009375,
      "tpr": 0.00878048780487805
    },
    "fpr_0.05": {
      "threshold": 0.48593729734420776,
      "fpr": 0.05,
      "tpr": 0.2760975609756098
    },
    "fpr_0.1": {
      "threshold": 0.45678994059562683,
      "fpr": 0.1,
      "tpr": 0.46308943089430893
    }
  },
  "confidence_intervals": {
    "auroc_mean": 0.7873430426763556,
    "auroc_std": 0.010058513953904103,
    "auroc_lower": 0.7670681026062981,
    "auroc_upper": 0.8061825831621028,
    "confidence_level": 0.95
  }
}