{
  "image_auroc": 0.7350640243902439,
  "image_aupr": 0.9191008562545762,
  "num_normal": 640,
  "num_anomaly": 3075,
  "anchor_image_auroc": 0.7350640243902439,
  "anchor_image_aupr": 0.9191008562545762,
  "reconstruction_image_auroc": 0.7023450203252033,
  "reconstruction_image_aupr": 0.9107379152185303,
  "divergence_image_auroc": 0.46475050813008134,
  "divergence_image_aupr": 0.8142841056671573,
  "pixel_aggregated_image_auroc": 0.7183617886178861,
  "pixel_aggregated_image_aupr": 0.9247677012585387,
  "patch_divergence_aggregated_image_auroc": 0.441625,
  "patch_divergence_aggregated_image_aupr": 0.7978809434487244,
  "fused_image_auroc": 0.7768434959349593,
  "fused_image_aupr": 0.9343849946336156,
  "fusion_weights": {
    "anchor": 0.4,
    "divergence": 0.3,
    "pixel": 0.3
  },
  "fusion_normalization": "minmax",
  "pixel_auroc": 0.928322583288896,
  "pixel_aupr": 0.3925611403234237,
  "reconstruction_pixel_auroc": 0.928322583288896,
  "reconstruction_pixel_aupr": 0.3925611403234237,
  "anchor_pixel_auroc": 0.9244884596996694,
  "anchor_pixel_aupr": 0.2732739982648621,
  "pixel_scores_source_counts": {
    "reconstruction_pixel_map": 59
  },
  "pixel_scores_source": "reconstruction_pixel_map",
  "operating_points": {
    "fpr_0.01": {
      "threshold": 1.073702335357666,
      "fpr": 0.009375,
      "tpr": 0.016260162601626018
    },
    "fpr_0.05": {
      "threshold": 0.7644586563110352,
      "fpr": 0.05,
      "tpr": 0.20682926829268292
    },
    "fpr_0.1": {
      "threshold": 0.6978783011436462,
      "fpr": 0.1015625,
      "tpr": 0.3752845528455285
    }
  },
  "confidence_intervals": {
    "auroc_mean": 0.7349570962543239,
    "auroc_std": 0.01073547843150118,
    "auroc_lower": 0.7133928940825037,
    "auroc_upper": 0.7550814133208821,
    "confidence_level": 0.95
  }
}