{
  "image_auroc": 0.7012057926829268,
  "image_aupr": 0.9067110095075918,
  "num_normal": 640,
  "num_anomaly": 3075,
  "anchor_image_auroc": 0.7012057926829268,
  "anchor_image_aupr": 0.9067110095075918,
  "operating_points": {
    "fpr_0.01": {
      "threshold": 0.9091389775276184,
      "fpr": 0.009375,
      "tpr": 0.02926829268292683
    },
    "fpr_0.05": {
      "threshold": 0.7712409496307373,
      "fpr": 0.05,
      "tpr": 0.1538211382113821
    },
    "fpr_0.1": {
      "threshold": 0.7134595513343811,
      "fpr": 0.1,
      "tpr": 0.2543089430894309
    }
  },
  "confidence_intervals": {
    "auroc_mean": 0.7008999550234594,
    "auroc_std": 0.011829084017464046,
    "auroc_lower": 0.6782671961397805,
    "auroc_upper": 0.7242904113764245,
    "confidence_level": 0.95
  }
}