{
  "image_auroc": 0.7877601626016261,
  "image_aupr": 0.9458043492838143,
  "num_normal": 640,
  "num_anomaly": 3075,
  "anchor_image_auroc": 0.7877601626016261,
  "anchor_image_aupr": 0.9458043492838143,
  "operating_points": {
    "fpr_0.01": {
      "threshold": 0.546408474445343,
      "fpr": 0.009375,
      "tpr": 0.22341463414634147
    },
    "fpr_0.05": {
      "threshold": 0.47826308012008667,
      "fpr": 0.05,
      "tpr": 0.351869918699187
    },
    "fpr_0.1": {
      "threshold": 0.42775604128837585,
      "fpr": 0.1,
      "tpr": 0.46504065040650405
    }
  },
  "confidence_intervals": {
    "auroc_mean": 0.7877190658819345,
    "auroc_std": 0.009226737168991798,
    "auroc_lower": 0.7699646973606566,
    "auroc_upper": 0.8055314002526582,
    "confidence_level": 0.95
  }
}