{
  "image_auroc": 0.750094512195122,
  "image_aupr": 0.9248024624404143,
  "num_normal": 640,
  "num_anomaly": 3075,
  "anchor_image_auroc": 0.750094512195122,
  "anchor_image_aupr": 0.9248024624404143,
  "reconstruction_image_auroc": 0.7772383130081301,
  "reconstruction_image_aupr": 0.9397161948606764,
  "divergence_image_auroc": 0.38572510162601625,
  "divergence_image_aupr": 0.7794463804592537,
  "pixel_aggregated_image_auroc": 0.7555757113821138,
  "pixel_aggregated_image_aupr": 0.929350866660461,
  "patch_divergence_aggregated_image_auroc": 0.4085797764227642,
  "patch_divergence_aggregated_image_aupr": 0.7784694437563265,
  "fused_image_auroc": 0.801854674796748,
  "fused_image_aupr": 0.9400985111038928,
  "fusion_weights": {
    "anchor": 0.4,
    "divergence": 0.3,
    "pixel": 0.3
  },
  "fusion_normalization": "minmax",
  "pixel_auroc": 0.9263303692632812,
  "pixel_aupr": 0.3246028215818798,
  "reconstruction_pixel_auroc": 0.9263303692632812,
  "reconstruction_pixel_aupr": 0.3246028215818798,
  "anchor_pixel_auroc": 0.9253974342604326,
  "anchor_pixel_aupr": 0.2621648519153835,
  "pixel_scores_source_counts": {
    "reconstruction_pixel_map": 59
  },
  "pixel_scores_source": "reconstruction_pixel_map",
  "operating_points": {
    "fpr_0.01": {
      "threshold": 1.2198543548583984,
      "fpr": 0.009375,
      "tpr": 0.034796747967479676
    },
    "fpr_0.05": {
      "threshold": 1.0098464488983154,
      "fpr": 0.05,
      "tpr": 0.19219512195121952
    },
    "fpr_0.1": {
      "threshold": 0.9093487858772278,
      "fpr": 0.1,
      "tpr": 0.39739837398373984
    }
  },
  "confidence_intervals": {
    "auroc_mean": 0.7499469658461911,
    "auroc_std": 0.010648554044805658,
    "auroc_lower": 0.7286629999252416,
    "auroc_upper": 0.7707021417967517,
    "confidence_level": 0.95
  }
}