{
  "image_auroc": 0.7606935975609757,
  "image_aupr": 0.9176292688925266,
  "num_normal": 640,
  "num_anomaly": 3075,
  "anchor_image_auroc": 0.7606935975609757,
  "anchor_image_aupr": 0.9176292688925266,
  "operating_points": {
    "fpr_0.01": {
      "threshold": 0.4011150598526001,
      "fpr": 0.009375,
      "tpr": 0.007804878048780488
    },
    "fpr_0.05": {
      "threshold": 0.28339725732803345,
      "fpr": 0.05,
      "tpr": 0.13333333333333333
    },
    "fpr_0.1": {
      "threshold": 0.24861592054367065,
      "fpr": 0.1,
      "tpr": 0.3147967479674797
    }
  },
  "confidence_intervals": {
    "auroc_mean": 0.7604656375530767,
    "auroc_std": 0.011519233367448438,
    "auroc_lower": 0.7371974845387567,
    "auroc_upper": 0.7835759139779324,
    "confidence_level": 0.95
  }
}