{
  "image_auroc": 0.6189481707317073,
  "image_aupr": 0.8527766215637809,
  "num_normal": 640,
  "num_anomaly": 3075,
  "operating_points": {
    "fpr_0.01": {
      "threshold": 0.8670040369033813,
      "fpr": 0.009375,
      "tpr": 0.0006504065040650406
    },
    "fpr_0.05": {
      "threshold": 0.746996283531189,
      "fpr": 0.05,
      "tpr": 0.01983739837398374
    },
    "fpr_0.1": {
      "threshold": 0.6702035665512085,
      "fpr": 0.1,
      "tpr": 0.10471544715447155
    }
  },
  "confidence_intervals": {
    "auroc_mean": 0.6185035076721185,
    "auroc_std": 0.013152787841363048,
    "auroc_lower": 0.5931127644484236,
    "auroc_upper": 0.6439589826531651,
    "confidence_level": 0.95
  }
}