{
  "image_auroc": 0.655662093495935,
  "image_aupr": 0.8834654526111337,
  "num_normal": 640,
  "num_anomaly": 3075,
  "operating_points": {
    "fpr_0.01": {
      "threshold": 0.7621815204620361,
      "fpr": 0.009375,
      "tpr": 0.016910569105691057
    },
    "fpr_0.05": {
      "threshold": 0.4721255600452423,
      "fpr": 0.05,
      "tpr": 0.07934959349593496
    },
    "fpr_0.1": {
      "threshold": 0.195969358086586,
      "fpr": 0.1,
      "tpr": 0.17105691056910569
    }
  },
  "confidence_intervals": {
    "auroc_mean": 0.6558796101792023,
    "auroc_std": 0.012407157434359979,
    "auroc_lower": 0.6300542157214871,
    "auroc_upper": 0.6787234849816451,
    "confidence_level": 0.95
  }
}