{
  "image_auroc": 0.7560861280487805,
  "image_aupr": 0.9355286834018146,
  "num_normal": 640,
  "num_anomaly": 3075,
  "anchor_image_auroc": 0.7560861280487805,
  "anchor_image_aupr": 0.9355286834018146,
  "reconstruction_image_auroc": 0.7305866361788617,
  "reconstruction_image_aupr": 0.9170700240897459,
  "divergence_image_auroc": 0.7130569105691058,
  "divergence_image_aupr": 0.9236773225540497,
  "pixel_aggregated_image_auroc": 0.7329021849593496,
  "pixel_aggregated_image_aupr": 0.9234764518301555,
  "patch_divergence_aggregated_image_auroc": 0.6735223577235772,
  "patch_divergence_aggregated_image_aupr": 0.8999778557666908,
  "fused_image_auroc": 0.7973592479674797,
  "fused_image_aupr": 0.9490163845531527,
  "fusion_weights": {
    "anchor": 0.4,
    "divergence": 0.3,
    "pixel": 0.3
  },
  "fusion_normalization": "minmax",
  "pixel_auroc": 0.9161472726069516,
  "pixel_aupr": 0.32514827117852413,
  "reconstruction_pixel_auroc": 0.9161472726069516,
  "reconstruction_pixel_aupr": 0.32514827117852413,
  "anchor_pixel_auroc": 0.35964500392706283,
  "anchor_pixel_aupr": 0.02414103718377617,
  "pixel_scores_source_counts": {
    "reconstruction_pixel_map": 59
  },
  "pixel_scores_source": "reconstruction_pixel_map",
  "operating_points": {
    "fpr_0.01": {
      "threshold": 0.530115008354187,
      "fpr": 0.009375,
      "tpr": 0.1521951219512195
    },
    "fpr_0.05": {
      "threshold": 0.4447666108608246,
      "fpr": 0.05,
      "tpr": 0.29300813008130083
    },
    "fpr_0.1": {
      "threshold": 0.39918044209480286,
      "fpr": 0.1015625,
      "tpr": 0.4061788617886179
    }
  },
  "confidence_intervals": {
    "auroc_mean": 0.756060974157793,
    "auroc_std": 0.009567479166119884,
    "auroc_lower": 0.7368760134630532,
    "auroc_upper": 0.7746086784278908,
    "confidence_level": 0.95
  }
}