{
  "image_auroc": 0.7666872459349594,
  "image_aupr": 0.927542019423742,
  "num_normal": 640,
  "num_anomaly": 3075,
  "anchor_image_auroc": 0.7666872459349594,
  "anchor_image_aupr": 0.927542019423742,
  "operating_points": {
    "fpr_0.01": {
      "threshold": 1.1038097143173218,
      "fpr": 0.009375,
      "tpr": 0.012357723577235772
    },
    "fpr_0.05": {
      "threshold": 0.7743799090385437,
      "fpr": 0.05,
      "tpr": 0.2396747967479675
    },
    "fpr_0.1": {
      "threshold": 0.7267488837242126,
      "fpr": 0.1,
      "tpr": 0.3879674796747967
    }
  },
  "confidence_intervals": {
    "auroc_mean": 0.7662337550287203,
    "auroc_std": 0.010112449486697582,
    "auroc_lower": 0.7464044279514077,
    "auroc_upper": 0.7855015462695328,
    "confidence_level": 0.95
  }
}