{
  "image_auroc": 0.7685421747967479,
  "image_aupr": 0.9368749639805355,
  "num_normal": 640,
  "num_anomaly": 3075,
  "anchor_image_auroc": 0.7685421747967479,
  "anchor_image_aupr": 0.9368749639805355,
  "operating_points": {
    "fpr_0.01": {
      "threshold": 0.8329891562461853,
      "fpr": 0.009375,
      "tpr": 0.12
    },
    "fpr_0.05": {
      "threshold": 0.7107465863227844,
      "fpr": 0.05,
      "tpr": 0.32
    },
    "fpr_0.1": {
      "threshold": 0.6702448129653931,
      "fpr": 0.1,
      "tpr": 0.41073170731707315
    }
  },
  "confidence_intervals": {
    "auroc_mean": 0.7683185089519005,
    "auroc_std": 0.009879551563897719,
    "auroc_lower": 0.748227891697628,
    "auroc_upper": 0.7878140594344152,
    "confidence_level": 0.95
  }
}