{
  "image_auroc": 0.79664456300813,
  "image_aupr": 0.9408950321628045,
  "num_normal": 640,
  "num_anomaly": 3075,
  "anchor_image_auroc": 0.79664456300813,
  "anchor_image_aupr": 0.9408950321628045,
  "operating_points": {
    "fpr_0.01": {
      "threshold": 0.014162261039018631,
      "fpr": 0.009375,
      "tpr": 0.03447154471544715
    },
    "fpr_0.05": {
      "threshold": 0.009823436848819256,
      "fpr": 0.05,
      "tpr": 0.30796747967479676
    },
    "fpr_0.1": {
      "threshold": 0.008734640665352345,
      "fpr": 0.1,
      "tpr": 0.48065040650406504
    }
  },
  "confidence_intervals": {
    "auroc_mean": 0.7959532524094114,
    "auroc_std": 0.009779334185171223,
    "auroc_lower": 0.7760326434827616,
    "auroc_upper": 0.8141728595465814,
    "confidence_level": 0.95
  }
}