{
  "image_auroc": 0.7574758638211382,
  "image_aupr": 0.9354966383656558,
  "num_normal": 640,
  "num_anomaly": 3075,
  "anchor_image_auroc": 0.7574758638211382,
  "anchor_image_aupr": 0.9354966383656558,
  "reconstruction_image_auroc": 0.7389258130081302,
  "reconstruction_image_aupr": 0.9207555598909616,
  "divergence_image_auroc": 0.6506669207317073,
  "divergence_image_aupr": 0.9030539962592299,
  "pixel_aggregated_image_auroc": 0.7601935975609756,
  "pixel_aggregated_image_aupr": 0.9358242460120846,
  "patch_divergence_aggregated_image_auroc": 0.6574085365853659,
  "patch_divergence_aggregated_image_aupr": 0.8851511761833305,
  "fused_image_auroc": 0.8082982723577236,
  "fused_image_aupr": 0.9523014297612292,
  "fusion_weights": {
    "anchor": 0.4,
    "divergence": 0.3,
    "pixel": 0.3
  },
  "fusion_normalization": "minmax",
  "pixel_auroc": 0.9277693350238648,
  "pixel_aupr": 0.40223580830159783,
  "reconstruction_pixel_auroc": 0.9277693350238648,
  "reconstruction_pixel_aupr": 0.40223580830159783,
  "anchor_pixel_auroc": 0.3386676127202789,
  "anchor_pixel_aupr": 0.022364896192472016,
  "pixel_scores_source_counts": {
    "reconstruction_pixel_map": 59
  },
  "pixel_scores_source": "reconstruction_pixel_map",
  "operating_points": {
    "fpr_0.01": {
      "threshold": 0.5656927227973938,
      "fpr": 0.009375,
      "tpr": 0.1583739837398374
    },
    "fpr_0.05": {
      "threshold": 0.4908595383167267,
      "fpr": 0.05,
      "tpr": 0.28032520325203253
    },
    "fpr_0.1": {
      "threshold": 0.43641746044158936,
      "fpr": 0.1,
      "tpr": 0.4139837398373984
    }
  },
  "confidence_intervals": {
    "auroc_mean": 0.7572133752037664,
    "auroc_std": 0.009724206914341784,
    "auroc_lower": 0.7372784121487038,
    "auroc_upper": 0.7771044214451069,
    "confidence_level": 0.95
  }
}