{
  "image_auroc": 0.7179181910569106,
  "image_aupr": 0.9184130795570279,
  "num_normal": 640,
  "num_anomaly": 3075,
  "anchor_image_auroc": 0.7179181910569106,
  "anchor_image_aupr": 0.9184130795570279,
  "reconstruction_image_auroc": 0.6077924288617886,
  "reconstruction_image_aupr": 0.8759278552730155,
  "divergence_image_auroc": 0.6386516768292683,
  "divergence_image_aupr": 0.9016670217282704,
  "pixel_aggregated_image_auroc": 0.6336298272357723,
  "pixel_aggregated_image_aupr": 0.897396043223135,
  "patch_divergence_aggregated_image_auroc": 0.6901077235772357,
  "patch_divergence_aggregated_image_aupr": 0.9163296653172692,
  "fused_image_auroc": 0.6884197154471545,
  "fused_image_aupr": 0.9136685025569271,
  "fusion_weights": {
    "anchor": 0.4,
    "divergence": 0.3,
    "pixel": 0.3
  },
  "fusion_normalization": "minmax",
  "pixel_auroc": 0.921381446689514,
  "pixel_aupr": 0.3274217081193134,
  "reconstruction_pixel_auroc": 0.921381446689514,
  "reconstruction_pixel_aupr": 0.3274217081193134,
  "anchor_pixel_auroc": 0.8274485498177282,
  "anchor_pixel_aupr": 0.32517765409937005,
  "pixel_scores_source_counts": {
    "reconstruction_pixel_map": 59
  },
  "pixel_scores_source": "reconstruction_pixel_map",
  "operating_points": {
    "fpr_0.01": {
      "threshold": 0.02027539722621441,
      "fpr": 0.009375,
      "tpr": 0.013333333333333334
    },
    "fpr_0.05": {
      "threshold": 0.01572760008275509,
      "fpr": 0.05,
      "tpr": 0.26471544715447154
    },
    "fpr_0.1": {
      "threshold": 0.015003833919763565,
      "fpr": 0.1,
      "tpr": 0.3860162601626016
    }
  },
  "confidence_intervals": {
    "auroc_mean": 0.7173276173273536,
    "auroc_std": 0.010006335905900207,
    "auroc_lower": 0.6975158680426023,
    "auroc_upper": 0.7357717940952677,
    "confidence_level": 0.95
  }
}