{
  "image_auroc": 0.7770035569105692,
  "image_aupr": 0.9387647608873035,
  "num_normal": 640,
  "num_anomaly": 3075,
  "anchor_image_auroc": 0.7770035569105692,
  "anchor_image_aupr": 0.9387647608873035,
  "reconstruction_image_auroc": 0.7088434959349594,
  "reconstruction_image_aupr": 0.9109675853348479,
  "divergence_image_auroc": 0.6868506097560976,
  "divergence_image_aupr": 0.8968374879669986,
  "pixel_aggregated_image_auroc": 0.4748432418699187,
  "pixel_aggregated_image_aupr": 0.8125625777246046,
  "patch_divergence_aggregated_image_auroc": 0.5487139227642276,
  "patch_divergence_aggregated_image_aupr": 0.8488096097033199,
  "fused_image_auroc": 0.7249044715447155,
  "fused_image_aupr": 0.9125206910109447,
  "fusion_weights": {
    "anchor": 0.4,
    "divergence": 0.3,
    "pixel": 0.3
  },
  "fusion_normalization": "minmax",
  "pixel_auroc": 0.8797172937619321,
  "pixel_aupr": 0.14561784829768928,
  "reconstruction_pixel_auroc": 0.8797172937619321,
  "reconstruction_pixel_aupr": 0.14561784829768928,
  "anchor_pixel_auroc": 0.3325230284194246,
  "anchor_pixel_aupr": 0.021455211791248,
  "pixel_scores_source_counts": {
    "reconstruction_pixel_map": 59
  },
  "pixel_scores_source": "reconstruction_pixel_map",
  "operating_points": {
    "fpr_0.01": {
      "threshold": 0.8537583351135254,
      "fpr": 0.009375,
      "tpr": 0.09268292682926829
    },
    "fpr_0.05": {
      "threshold": 0.7234574556350708,
      "fpr": 0.05,
      "tpr": 0.29853658536585365
    },
    "fpr_0.1": {
      "threshold": 0.6649394631385803,
      "fpr": 0.1,
      "tpr": 0.416260162601626
    }
  },
  "confidence_intervals": {
    "auroc_mean": 0.776669903827613,
    "auroc_std": 0.009843861079526148,
    "auroc_lower": 0.7572085821745997,
    "auroc_upper": 0.7960672726855336,
    "confidence_level": 0.95
  }
}