{
  "image_auroc": 0.7942497459349593,
  "image_aupr": 0.9451936448837677,
  "num_normal": 640,
  "num_anomaly": 3075,
  "operating_points": {
    "fpr_0.01": {
      "threshold": 0.6219852566719055,
      "fpr": 0.009375,
      "tpr": 0.1938211382113821
    },
    "fpr_0.05": {
      "threshold": 0.5533977150917053,
      "fpr": 0.05,
      "tpr": 0.31382113821138213
    },
    "fpr_0.1": {
      "threshold": 0.5062334537506104,
      "fpr": 0.1,
      "tpr": 0.43447154471544713
    }
  },
  "confidence_intervals": {
    "auroc_mean": 0.7940262235748553,
    "auroc_std": 0.009560613481004147,
    "auroc_lower": 0.7762798362113676,
    "auroc_upper": 0.8121649960693773,
    "confidence_level": 0.95
  }
}