{
  "image_auroc": 0.776634400406504,
  "image_aupr": 0.9321579052898853,
  "num_normal": 640,
  "num_anomaly": 3075,
  "pixel_auroc": 0.559938434385494,
  "pixel_aupr": 0.032198320883326796,
  "operating_points": {
    "fpr_0.01": {
      "threshold": 0.038686852902173996,
      "fpr": 0.009375,
      "tpr": 0.01983739837398374
    },
    "fpr_0.05": {
      "threshold": 0.027028031647205353,
      "fpr": 0.05,
      "tpr": 0.24260162601626017
    },
    "fpr_0.1": {
      "threshold": 0.02437741309404373,
      "fpr": 0.1015625,
      "tpr": 0.39252032520325203
    }
  },
  "confidence_intervals": {
    "auroc_mean": 0.7762564073294007,
    "auroc_std": 0.010309601373338048,
    "auroc_lower": 0.7549799741000038,
    "auroc_upper": 0.7954365198657923,
    "confidence_level": 0.95
  }
}