{
  "image_auroc": 0.6861397357723578,
  "image_aupr": 0.9037593705113132,
  "num_normal": 640,
  "num_anomaly": 3075,
  "operating_points": {
    "fpr_0.01": {
      "threshold": 1.1055155992507935,
      "fpr": 0.009375,
      "tpr": 0.04715447154471545
    },
    "fpr_0.05": {
      "threshold": 1.064292073249817,
      "fpr": 0.0515625,
      "tpr": 0.18276422764227643
    },
    "fpr_0.1": {
      "threshold": 1.0510950088500977,
      "fpr": 0.1015625,
      "tpr": 0.24910569105691058
    }
  },
  "confidence_intervals": {
    "auroc_mean": 0.6859195319658822,
    "auroc_std": 0.012053689249053727,
    "auroc_lower": 0.6633619740758996,
    "auroc_upper": 0.7095908417576894,
    "confidence_level": 0.95
  }
}