{
  "image_auroc": 0.7916524390243902,
  "image_aupr": 0.9386104004243814,
  "num_normal": 640,
  "num_anomaly": 3075,
  "anchor_image_auroc": 0.7916524390243902,
  "anchor_image_aupr": 0.9386104004243814,
  "pixel_auroc": 0.931833405017484,
  "pixel_aupr": 0.35350851273293005,
  "anchor_pixel_auroc": 0.931833405017484,
  "anchor_pixel_aupr": 0.35350851273293005,
  "pixel_scores_source_counts": {
    "dense_patch_upsampled": 59
  },
  "pixel_scores_source": "dense_patch_upsampled",
  "operating_points": {
    "fpr_0.01": {
      "threshold": 0.7116838097572327,
      "fpr": 0.009375,
      "tpr": 0.04780487804878049
    },
    "fpr_0.05": {
      "threshold": 0.5844955444335938,
      "fpr": 0.05,
      "tpr": 0.3265040650406504
    },
    "fpr_0.1": {
      "threshold": 0.5479221343994141,
      "fpr": 0.1,
      "tpr": 0.4900813008130081
    }
  },
  "confidence_intervals": {
    "auroc_mean": 0.7913598267383805,
    "auroc_std": 0.010068843368937845,
    "auroc_lower": 0.7714157078511333,
    "auroc_upper": 0.8106750491188476,
    "confidence_level": 0.95
  }
}