{
  "image_auroc": 0.7791087398373984,
  "image_aupr": 0.9398350001525919,
  "num_normal": 640,
  "num_anomaly": 3075,
  "operating_points": {
    "fpr_0.01": {
      "threshold": 0.8443407416343689,
      "fpr": 0.009375,
      "tpr": 0.15154471544715448
    },
    "fpr_0.05": {
      "threshold": 0.7477633357048035,
      "fpr": 0.0515625,
      "tpr": 0.3021138211382114
    },
    "fpr_0.1": {
      "threshold": 0.6922706961631775,
      "fpr": 0.1,
      "tpr": 0.4159349593495935
    }
  },
  "confidence_intervals": {
    "auroc_mean": 0.7788965195486052,
    "auroc_std": 0.010022319147848227,
    "auroc_lower": 0.758807450130816,
    "auroc_upper": 0.7982181047176468,
    "confidence_level": 0.95
  }
}