{
  "image_auroc": 0.7472817581300812,
  "image_aupr": 0.9188206537009771,
  "num_normal": 640,
  "num_anomaly": 3075,
  "anchor_image_auroc": 0.7472817581300812,
  "anchor_image_aupr": 0.9188206537009771,
  "operating_points": {
    "fpr_0.01": {
      "threshold": 0.5171684622764587,
      "fpr": 0.009375,
      "tpr": 0.005853658536585366
    },
    "fpr_0.05": {
      "threshold": 0.400039404630661,
      "fpr": 0.05,
      "tpr": 0.20195121951219513
    },
    "fpr_0.1": {
      "threshold": 0.3727057874202728,
      "fpr": 0.1,
      "tpr": 0.36845528455284554
    }
  },
  "confidence_intervals": {
    "auroc_mean": 0.7468978363264218,
    "auroc_std": 0.011290612116943531,
    "auroc_lower": 0.723654137952504,
    "auroc_upper": 0.7684821003899134,
    "confidence_level": 0.95
  }
}