{
  "image_auroc": 0.6860157520325203,
  "image_aupr": 0.9051776234359364,
  "num_normal": 640,
  "num_anomaly": 3075,
  "anchor_image_auroc": 0.6860157520325203,
  "anchor_image_aupr": 0.9051776234359364,
  "operating_points": {
    "fpr_0.01": {
      "threshold": 0.45755210518836975,
      "fpr": 0.009375,
      "tpr": 0.0608130081300813
    },
    "fpr_0.05": {
      "threshold": 0.3629250228404999,
      "fpr": 0.05,
      "tpr": 0.1440650406504065
    },
    "fpr_0.1": {
      "threshold": 0.30646952986717224,
      "fpr": 0.1,
      "tpr": 0.25658536585365854
    }
  },
  "confidence_intervals": {
    "auroc_mean": 0.6861395371632109,
    "auroc_std": 0.011527101994786218,
    "auroc_lower": 0.6641434134507411,
    "auroc_upper": 0.7090633544701366,
    "confidence_level": 0.95
  }
}