{
  "image_auroc": 0.6981252540650406,
  "image_aupr": 0.9061836735151034,
  "num_normal": 640,
  "num_anomaly": 3075,
  "anchor_image_auroc": 0.6981252540650406,
  "anchor_image_aupr": 0.9061836735151034,
  "reconstruction_image_auroc": 0.7026377032520325,
  "reconstruction_image_aupr": 0.9029997806124822,
  "divergence_image_auroc": 0.6931590447154472,
  "divergence_image_aupr": 0.9013385603093717,
  "pixel_aggregated_image_auroc": 0.7186056910569106,
  "pixel_aggregated_image_aupr": 0.921377824512371,
  "patch_divergence_aggregated_image_auroc": 0.5319809451219513,
  "patch_divergence_aggregated_image_aupr": 0.8376625810090442,
  "fused_image_auroc": 0.7434664634146341,
  "fused_image_aupr": 0.9222162770128938,
  "fusion_weights": {
    "anchor": 0.4,
    "divergence": 0.3,
    "pixel": 0.3
  },
  "fusion_normalization": "minmax",
  "pixel_auroc": 0.9269328563952853,
  "pixel_aupr": 0.38707809801842863,
  "reconstruction_pixel_auroc": 0.9269328563952853,
  "reconstruction_pixel_aupr": 0.38707809801842863,
  "operating_points": {
    "fpr_0.01": {
      "threshold": 0.9088952541351318,
      "fpr": 0.009375,
      "tpr": 0.03349593495934959
    },
    "fpr_0.05": {
      "threshold": 0.7730799317359924,
      "fpr": 0.05,
      "tpr": 0.15121951219512195
    },
    "fpr_0.1": {
      "threshold": 0.7109253406524658,
      "fpr": 0.0984375,
      "tpr": 0.2530081300813008
    }
  },
  "confidence_intervals": {
    "auroc_mean": 0.6978163862545732,
    "auroc_std": 0.011869073817132493,
    "auroc_lower": 0.675233296367777,
    "auroc_upper": 0.7213681895178162,
    "confidence_level": 0.95
  }
}