{
  "image_auroc": 0.5193102134146342,
  "image_aupr": 0.8360999062456655,
  "num_normal": 640,
  "num_anomaly": 3075,
  "anchor_image_auroc": 0.5193102134146342,
  "anchor_image_aupr": 0.8360999062456655,
  "operating_points": {
    "fpr_0.01": {
      "threshold": 1.3620880842208862,
      "fpr": 0.0109375,
      "tpr": 0.005203252032520325
    },
    "fpr_0.05": {
      "threshold": 1.2484605312347412,
      "fpr": 0.05,
      "tpr": 0.06504065040650407
    },
    "fpr_0.1": {
      "threshold": 1.2192491292953491,
      "fpr": 0.1,
      "tpr": 0.1248780487804878
    }
  },
  "confidence_intervals": {
    "auroc_mean": 0.518878120784949,
    "auroc_std": 0.012412945197352252,
    "auroc_lower": 0.49147510130972094,
    "auroc_upper": 0.5434338037365164,
    "confidence_level": 0.95
  }
}