{
  "image_auroc": 0.7935536077235773,
  "image_aupr": 0.9394984158724695,
  "num_normal": 640,
  "num_anomaly": 3075,
  "anchor_image_auroc": 0.7935536077235773,
  "anchor_image_aupr": 0.9394984158724695,
  "operating_points": {
    "fpr_0.01": {
      "threshold": 0.03989589586853981,
      "fpr": 0.0109375,
      "tpr": 0.00878048780487805
    },
    "fpr_0.05": {
      "threshold": 0.021250054240226746,
      "fpr": 0.05,
      "tpr": 0.4292682926829268
    },
    "fpr_0.1": {
      "threshold": 0.01929483376443386,
      "fpr": 0.1,
      "tpr": 0.551869918699187
    }
  },
  "confidence_intervals": {
    "auroc_mean": 0.793088942974178,
    "auroc_std": 0.008742512803480408,
    "auroc_lower": 0.7752934671002341,
    "auroc_upper": 0.8092048357420525,
    "confidence_level": 0.95
  }
}